loc,case,t,anchor_N,fairlead_N,ratio,masked,case_dropped
1,63,8098,39717.4,12704.8,3.13,1,0
1,116,12794,45263.7,13006.6,3.48,1,0
1,202,731,62375.9,17427.5,3.58,1,0
1,202,3659,22705.6,5876.3,3.86,1,0
1,202,3681,69735.9,10276.8,6.79,1,0
1,202,3695,41842.3,13914.4,3.01,0,0
1,202,3835,417006.7,-0.0,417006.69,1,0
1,202,3841,24473.4,-0.0,24473.37,0,0
1,202,3843,3911.7,471.0,8.30,1,0
1,202,3882,185008.4,4563.5,40.54,1,0
1,202,6625,51791.1,16773.4,3.09,1,0
1,202,6954,450976.2,13716.5,32.88,1,0
1,202,8146,29360.9,9382.5,3.13,0,0
1,202,8892,60917.3,19811.8,3.07,1,0
1,215,682,30604.8,4893.3,6.25,1,0
1,215,683,156814.6,5169.4,30.34,1,0
1,215,737,61016.8,18855.3,3.24,1,0
1,215,1776,43064.8,11304.1,3.81,0,0
1,215,1901,26851.4,8657.8,3.10,0,0
1,215,2063,28279.0,7899.3,3.58,1,0
1,215,2104,1445.4,-0.0,1445.37,1,0
1,215,3687,49933.4,16372.5,3.05,0,0
1,215,3700,61173.7,19459.3,3.14,1,0
1,215,3711,68006.3,0.0,68006.28,1,0
1,298,728,30700.2,9734.9,3.15,0,0
4,45,702,665441.0,10077.9,66.03,1,0
4,45,10229,482132736.0,60111.8,8020.61,1,0
4,45,10238,143926.8,10247.9,14.04,1,0
4,114,12801,58449.5,19108.2,3.06,1,0
4,133,9758,1244939.4,323613.9,3.85,1,0
4,164,8775,149369.8,7390.4,20.21,1,0
5,22,744,63963.5,17001.1,3.76,1,0
5,22,2087,43054.8,13156.9,3.27,0,0
5,31,8958,104578.4,7686.5,13.61,1,0
5,31,8975,5248506.5,41219.5,127.33,1,0
5,31,8976,168403.1,37976.3,4.43,1,0
5,35,8948,320340.4,568.8,563.18,1,0
5,35,8960,567244.6,7432.4,76.32,1,0
5,35,8968,98790.2,8891.5,11.11,1,0
5,35,8986,170784304.0,11736.8,14551.19,1,0
5,46,1963,163344.1,0.0,163344.09,1,0
5,46,1969,2072.6,-0.0,2072.56,1,0
5,46,1971,3685.2,-0.0,3685.20,1,0
5,46,1974,50479.2,12349.6,4.09,1,0
5,46,1978,183149.8,-0.0,183149.77,1,0
5,46,1979,255993.8,1670.2,153.27,1,0
5,46,1980,6788.2,-0.0,6788.17,0,0
5,46,1988,23231.4,0.0,23231.36,1,0
5,108,13411,334572.1,48463.4,6.90,1,0
5,197,8963,245338.5,26317.4,9.32,1,0
5,197,8970,35854.1,10245.7,3.50,1,0
5,262,603,82359.4,25131.5,3.28,1,1
5,262,615,56931.4,-0.0,56931.41,1,1
5,262,618,39441783586816.0,2426573684736.0,16.25,1,1
5,264,7553,54867.8,5342.1,10.27,1,0
5,264,7559,51265.4,7301.0,7.02,1,0
5,264,7566,2325240.2,10248.9,226.88,1,0
6,22,1993,22448.3,4399.8,5.10,0,0
6,22,4139,19072.9,3280.5,5.81,0,0
6,22,8306,3774.6,795.4,4.75,0,0
6,22,8307,8155.5,998.7,8.17,0,0
6,22,8905,17593.9,3754.3,4.69,0,0
6,22,8998,14236.7,2910.9,4.89,0,0
6,22,9674,50370.9,11685.5,4.31,1,0
6,22,9717,29213.3,5007.7,5.83,0,0
6,22,9794,18535.6,2892.8,6.41,0,0
6,65,743,27044.3,2876.9,9.40,1,0
6,65,12807,18913.6,2879.6,6.57,0,0
6,120,703,133578.9,2677.7,49.89,1,0
6,120,739,27993.7,2758.9,10.15,0,0
6,120,2092,11295.5,3168.5,3.56,0,0
6,120,8801,26780.3,3773.4,7.10,0,0
6,120,12817,24100.3,3111.3,7.75,0,0
6,120,12818,15904.8,3305.6,4.81,0,0
6,126,739,15322.8,2670.6,5.74,1,0
6,126,12803,16763.8,2700.4,6.21,1,0
6,131,710,1518797.0,2902.3,523.31,1,0
6,131,717,9573.0,2474.7,3.87,0,0
6,131,745,17059.0,376.5,45.31,0,0
6,131,746,10042.3,251.3,39.96,0,0
6,131,786,24771.6,8166.6,3.03,0,0
6,131,2081,22699.6,2652.1,8.56,0,0
6,131,2086,10045.9,3020.6,3.33,0,0
6,131,3700,26345.1,2792.7,9.43,0,0
6,131,3820,15462.0,2684.2,5.76,0,0
6,131,4702,11379.5,2618.8,4.35,0,0
6,131,6627,23441.7,2627.0,8.92,0,0
6,131,6632,10559.8,2956.3,3.57,0,0
6,131,6755,15606.7,3317.6,4.70,0,0
6,131,7016,15457.1,2797.5,5.53,0,0
6,131,8163,13921.9,2973.9,4.68,0,0
6,131,8906,18463.0,3319.8,5.56,0,0
6,131,10291,20935.7,3358.4,6.23,0,0
6,131,10581,16830.9,2734.3,6.16,0,0
6,131,12800,9327.0,2649.0,3.52,0,0
6,131,12801,13070.9,2715.8,4.81,0,0
6,131,12802,885689.1,3179.2,278.59,1,0
6,131,12821,14234.3,4037.5,3.53,0,0
6,131,12822,17588.8,4474.2,3.93,0,0
6,134,457,33721.3,4580.6,7.36,0,0
6,134,588,17528.7,2716.9,6.45,0,0
6,134,589,17914.4,2734.1,6.55,0,0
6,134,711,65754.2,2516.1,26.13,1,0
6,134,717,12066.8,3709.3,3.25,0,0
6,134,726,14102.5,3132.5,4.50,0,0
6,134,730,11054.2,2971.4,3.72,0,0
6,134,740,16280.8,3316.3,4.91,0,0
6,134,745,15762.4,3598.8,4.38,0,0
6,134,746,11398.0,3620.9,3.15,0,0
6,134,756,15406.9,3563.4,4.32,0,0
6,134,762,11399.7,3659.2,3.12,0,0
6,134,767,34787.3,8563.3,4.06,0,0
6,134,951,27601.5,3122.7,8.84,0,0
6,134,952,34246.0,3219.2,10.64,0,0
6,134,956,13662.7,3536.0,3.86,0,0
6,134,1159,11744.1,3480.9,3.37,0,0
6,134,1160,38078.7,4565.7,8.34,0,0
6,134,1165,14107.2,4477.6,3.15,0,0
6,134,1917,30298416.0,29612.5,1023.16,1,0
6,134,1918,27521.9,6289.7,4.38,0,0
6,134,1920,12978.2,3791.1,3.42,0,0
6,134,1922,48097.5,2644.0,18.19,0,0
6,134,1946,12890.0,3229.6,3.99,0,0
6,134,1960,41061.2,5044.4,8.14,0,0
6,134,1965,14723.3,4758.0,3.09,0,0
6,134,2056,1122398.6,113712.5,9.87,1,0
6,134,2103,13745.6,3554.5,3.87,0,0
6,134,2124,25411.5,7500.9,3.39,0,0
6,134,4727,11420.3,3513.4,3.25,0,0
6,134,6027,24842.3,3154.6,7.87,1,0
6,134,6641,11836.8,3195.7,3.70,0,0
6,134,6642,25952.1,3675.0,7.06,0,0
6,134,8168,12250.1,3037.4,4.03,0,0
6,134,8169,18938.7,3184.0,5.95,0,0
6,134,8991,13866.7,2467.1,5.62,0,0
6,134,9968,27189.1,3125.8,8.70,0,0
6,134,9969,16939.2,3337.8,5.07,0,0
6,134,10141,22339.8,2726.0,8.20,0,0
6,134,10297,19597.6,3337.2,5.87,1,0
6,134,10331,25860.8,4755.7,5.44,0,0
6,134,10544,206459.8,3173.6,65.05,1,0
6,134,10566,9533565952.0,4296119.0,2219.11,1,0
6,134,10570,10459.0,-0.0,10459.01,1,0
6,134,10571,5721537.0,-0.0,5721537.00,1,0
6,134,10577,99016.3,917.3,107.95,1,0
6,134,10589,3138.3,289.4,10.85,0,0
6,134,10619,28127.3,4627.7,6.08,0,0
6,134,10624,18197.9,6037.1,3.01,0,0
6,134,10742,20836.0,3138.1,6.64,0,0
6,134,11892,70643.0,3489.8,20.24,1,0
6,134,11897,6337860.0,3959.5,1600.66,1,0
6,134,11898,549562.4,3109.8,176.72,1,0
6,134,11899,9125.1,2505.6,3.64,0,0
6,134,11903,9606.7,2563.8,3.75,0,0
6,134,11944,31650.2,3425.6,9.24,0,0
6,134,12104,10432.8,2435.0,4.28,1,0
6,134,12130,2920390.5,40043.8,72.93,1,0
6,134,12164,41195.5,6828.2,6.03,0,0
6,134,12165,23643.6,7758.0,3.05,0,0
6,134,12176,38062.2,12192.0,3.12,0,0
6,134,12276,21320.1,3109.1,6.86,0,0
6,134,12298,9147.0,2964.3,3.09,0,0
6,134,12330,18349.9,4926.5,3.72,0,0
6,134,12496,10565.1,2898.7,3.64,0,0
6,134,12497,9561.5,3016.2,3.17,0,0
6,134,12793,32450.6,2459.6,13.19,0,0
6,134,12794,10433.4,2650.7,3.94,0,0
6,134,12800,9158.3,2932.5,3.12,0,0
6,134,12818,12137.6,3566.9,3.40,0,0
6,134,12831,32996.6,5576.8,5.92,0,0
6,134,12832,21755.1,6189.3,3.51,0,0
6,134,13014,62923.6,3215.4,19.57,1,0
6,134,13018,17088.4,3353.6,5.10,0,0
6,134,13225,43560.0,4701.1,9.27,0,0
6,222,7504,15130.4,3471.9,4.36,0,0
7,174,743,66885.8,18293.3,3.66,1,0
7,174,2085,44256.3,13762.5,3.22,0,0
7,174,8115,49729.8,14682.6,3.39,0,0
7,212,2007,388878.3,0.0,388878.31,1,1
7,212,2014,26510020.0,637725.4,41.57,1,1
7,212,2023,51078.0,66.4,769.71,1,1
7,212,4154,44246.6,0.0,44246.64,1,1
7,212,4171,1995136.9,78705.1,25.35,1,1
7,212,4669,1269127.1,67657.8,18.76,1,1
7,212,4672,4810021.0,12052.1,399.10,1,1
7,212,6654,353654.5,0.0,353654.47,1,1
7,212,6660,51325.1,-0.0,51325.14,1,1
7,212,6661,23715.5,3757.4,6.31,0,1
7,212,6671,9201.1,0.0,9201.13,1,1
7,212,6672,6560.5,-0.0,6560.51,0,1
7,212,8919,379481.8,0.0,379481.78,1,1
8,83,2067,66929.0,7697.3,8.70,1,0
8,83,6583,85174.6,6944.7,12.26,1,0
8,83,10278,26316.7,8723.3,3.02,0,0
8,83,12803,40553.4,11356.4,3.57,1,0
8,94,741,35660.7,11160.7,3.20,0,0
8,94,6613,29432.9,9782.8,3.01,0,0
8,94,8084,1587217.4,350945.1,4.52,1,0
8,94,8139,38113.5,12139.5,3.14,0,0
8,136,602,103072.5,17244.5,5.98,1,0
8,136,612,6173.8,-0.0,6173.83,0,0
8,136,616,5919.0,377.1,15.70,0,0
8,136,617,5976.3,340.6,17.55,0,0
8,136,618,6177.6,307.8,20.07,0,0
8,136,619,6082.0,797.0,7.63,0,0
8,136,678,1077545.6,4020.0,268.05,1,0
8,136,743,76939.7,19705.9,3.90,1,0
8,136,746,6934.5,-0.0,6934.46,0,0
8,136,758,4472.6,0.0,4472.65,0,0
8,136,760,4899.2,331.5,14.78,0,0
8,136,761,4318.4,252.3,17.12,0,0
8,136,762,3750.7,54.9,68.28,0,0
8,136,764,3819.6,-0.0,3819.61,0,0
8,136,766,3281.5,72.3,45.38,0,0
8,136,772,18841.0,54.4,346.30,0,0
8,136,1770,39800.8,9780.3,4.07,0,0
8,136,2095,38029.3,0.0,38029.32,1,0
8,136,2102,1491.0,277.1,5.38,0,0
8,136,2103,1275.4,188.8,6.75,0,0
8,136,2104,1172.1,310.3,3.78,0,0
8,136,3818,62158.4,16830.5,3.69,1,0
8,136,4711,38054.9,11927.8,3.19,0,0
8,136,6638,62237.5,0.0,62237.46,1,0
8,136,6645,5843.4,-0.0,5843.37,0,0
8,136,6646,14318.8,0.0,14318.80,0,0
8,136,7009,34153.9,10199.3,3.35,0,0
8,136,7129,33381.7,10910.9,3.06,0,0
8,136,10219,26631.6,4386.8,6.07,1,0
8,136,10288,38567.9,10348.0,3.73,0,0
8,136,10591,10634.6,2190.0,4.86,0,0
8,136,10603,18462.1,0.0,18462.11,0,0
8,136,10604,3727.5,-0.0,3727.49,0,0
8,136,10620,22950.0,-0.0,22949.95,1,0
8,136,10651,120664.5,6687.9,18.04,1,0
8,136,12278,48498.6,13244.9,3.66,0,0
8,136,12652,66927.7,16177.7,4.14,1,0
8,136,12669,149981.0,0.0,149980.95,1,0
8,136,12676,32772.3,0.0,32772.29,0,0
8,136,12681,5015.8,0.0,5015.81,0,0
8,136,12683,4821.9,838.0,5.75,0,0
8,136,12684,4763.8,0.0,4763.77,0,0
8,136,12685,4417.9,1367.3,3.23,0,0
8,136,12686,4360.2,19.8,220.19,0,0
8,136,12687,4016.5,0.0,4016.46,0,0
8,136,12689,3576.2,-0.0,3576.22,0,0
8,136,12691,2888.3,0.0,2888.26,0,0
8,136,12692,2505.2,0.0,2505.22,0,0
8,136,12774,1370390.5,8099.5,169.20,1,0
8,136,12806,77458.2,18904.9,4.10,1,0
8,136,12824,7289.7,0.0,7289.74,0,0
8,136,12828,4268.1,0.0,4268.09,0,0
8,136,12829,7125.8,-0.0,7125.79,0,0
8,136,12830,3449.2,0.0,3449.18,0,0
8,136,12832,2065.3,661.1,3.12,0,0
8,136,12833,6449.8,1845.3,3.50,0,0
8,136,12835,1888.3,492.2,3.84,0,0
8,136,12836,1380.3,-0.0,1380.31,0,0
8,143,1766,23981.7,7988.5,3.00,0,0
8,143,2076,58042.4,16675.1,3.48,1,0
8,143,3691,60400.1,16371.4,3.69,1,0
8,143,3815,38979.8,12785.4,3.05,0,0
8,143,5674,50794.0,16641.3,3.05,1,0
8,143,8152,36095.1,10641.9,3.39,0,0
8,143,10271,31099.8,10272.4,3.03,0,0
8,143,10576,49184.6,15347.4,3.20,0,0
8,143,12652,53535.1,15978.6,3.35,1,0
8,229,738,32751.1,10682.7,3.07,0,0
8,247,2067,29093.5,9046.4,3.22,0,0
8,247,3691,52719.1,15609.4,3.38,1,0
8,247,6622,46219.0,14532.0,3.18,0,0
8,247,8909,42205.4,2671.8,15.80,1,0
8,247,8913,4818.2,0.0,4818.22,0,0
8,247,8917,3087.6,-0.0,3087.65,0,0
8,247,9758,28540.5,6894.3,4.14,0,0
8,247,9799,33400.9,11127.6,3.00,0,0
8,247,12791,50122.9,14433.2,3.47,1,0
9,34,9714,1486.6,423.9,3.51,0,0
9,43,7511,2659.4,33.3,79.82,0,0
9,43,8908,2045.8,-0.0,2045.79,0,0
9,43,9710,327169.3,-0.0,327169.34,1,0
9,43,9726,2466285.5,95984.0,25.69,1,0
9,43,9727,30422.8,3356.6,9.06,0,0
9,43,9732,21012.5,1560.4,13.47,1,0
9,43,9733,1396921.5,3860.0,361.89,1,0
9,156,2015,498626.8,10155.5,49.10,1,0
9,193,597,199294.5,0.0,199294.55,1,0
9,193,598,67408.4,0.0,67408.38,1,0
9,193,605,104467.3,-0.0,104467.28,1,0
9,193,610,32178.7,-0.0,32178.66,1,0
9,193,615,2860.4,-0.0,2860.38,1,0
9,193,616,137368.2,1818.0,75.56,1,0
9,193,622,462848.6,618.5,748.36,1,0
9,193,765,3057.4,0.0,3057.36,0,0
9,193,768,1487.5,310.8,4.79,0,0
9,193,769,1175.3,276.7,4.25,0,0
9,193,770,1024.4,64.6,15.86,0,0
9,193,1917,31130.5,9080.8,3.43,0,0
9,193,2037,255438.4,8004.7,31.91,1,0
9,193,10233,6538626.5,9722.3,672.54,1,0
9,193,10573,46566.9,15056.5,3.09,0,0
9,193,10595,130597.1,0.0,130597.08,1,0
9,193,10601,38807.9,4432.6,8.76,1,0
9,193,10620,152525.2,3160.0,48.27,1,0
9,193,12282,37803.9,12032.3,3.14,0,0
9,193,12659,20962.8,-0.0,20962.81,0,0
9,193,12663,184796.6,0.0,184796.61,1,0
9,193,12668,1256780.5,167146.5,7.52,1,0
9,193,12812,93489.4,0.0,93489.43,1,0
9,193,12814,92988.5,-0.0,92988.54,1,0
9,193,12819,209017.5,-0.0,209017.48,1,0
9,193,12824,77181.5,-0.0,77181.55,1,0
9,193,12828,180798576.0,1247239.9,144.96,1,0
9,193,12831,1344.8,341.7,3.94,0,0
9,193,12837,424333.4,9978.1,42.53,1,0
9,193,12847,538471.0,5688.7,94.66,1,0
10,22,601,19152.7,3474.7,5.51,0,0
10,22,739,12052.6,2922.9,4.12,0,0
10,22,759,25651.3,5083.8,5.05,0,0
10,22,2082,14296.3,2795.9,5.11,0,0
10,22,2083,15739.0,2821.7,5.58,0,0
10,22,3704,23101.0,3237.4,7.14,0,0
10,22,3826,28079.9,3097.0,9.07,0,0
10,22,3832,11998.2,3264.7,3.68,0,0
10,22,4107,31057.4,2554.6,12.16,1,0
10,22,4112,93519.6,3536.8,26.44,1,0
10,22,4707,12894.9,3006.1,4.29,0,0
10,22,6632,32895.1,3151.9,10.44,0,0
10,22,6638,10705.9,3324.4,3.22,0,0
10,22,6760,17906.1,3614.8,4.95,0,0
10,22,7024,24144.6,3064.4,7.88,0,0
10,22,8172,19801.8,3344.8,5.92,0,0
10,22,8870,2304197.5,2251.4,1023.45,1,0
10,22,8884,61206688.0,17885954.0,3.42,1,0
10,22,8886,14091.5,-0.0,14091.47,0,0
10,22,8888,115328.0,194.0,594.52,1,0
10,22,8889,9512.7,439.2,21.66,0,0
10,22,8890,29142.1,793.9,36.71,0,0
10,22,8891,2476.7,639.2,3.87,0,0
10,22,8903,4615.7,273.9,16.85,0,0
10,22,8928,83764.3,3556.1,23.55,1,0
10,22,8929,102707.3,28592.4,3.59,1,0
10,22,8940,206984.9,21764.6,9.51,1,0
10,22,8979,10740.6,2129.4,5.04,1,0
10,22,8988,240048.9,2754.4,87.15,1,0
10,22,8999,16432.2,2953.1,5.56,0,0
10,22,9000,1817612.0,2966.1,612.80,1,0
10,22,9780,8866.5,2853.5,3.11,0,0
10,22,10223,352919.5,11412.6,30.92,1,0
10,22,10224,4605.8,1150.1,4.00,0,0
10,22,10234,2391.1,65.1,36.75,0,0
10,22,10236,1572.9,150.8,10.43,0,0
10,22,10238,12662.1,1808.3,7.00,1,0
10,22,10304,22177.6,6405.1,3.46,0,0
10,22,10586,15561.1,2984.0,5.21,0,0
10,22,10587,9757.3,2934.1,3.33,0,0
10,22,12665,20693.5,3426.6,6.04,0,0
10,22,12765,1095122.9,2506.5,436.92,1,0
10,22,12828,27407.6,6357.4,4.31,0,0
10,56,429,9948.9,2799.7,3.55,0,0
10,56,587,20901.0,2772.5,7.54,0,0
10,56,590,15116.3,3062.0,4.94,0,0
10,56,608,12540.6,3368.6,3.72,0,0
10,56,609,40237.2,3742.5,10.75,0,0
10,56,725,16010.6,2638.9,6.07,0,0
10,56,746,14667.1,3259.9,4.50,0,0
10,56,770,40189.9,6225.0,6.46,0,0
10,56,1943,27540.0,4092.8,6.73,0,0
10,56,1950,12430.6,3857.4,3.22,0,0
10,56,2092,26322.4,3236.5,8.13,0,0
10,56,3773,31830.2,5023.3,6.34,1,0
10,56,3844,28778.3,4527.8,6.36,0,0
10,56,4739,12409.0,3847.2,3.23,0,0
10,56,5685,21071.0,2890.8,7.29,0,0
10,56,6034,14717.9,2993.4,4.92,0,0
10,56,6629,26676.0,2853.5,9.35,0,0
10,56,6634,10174.7,2988.7,3.40,0,0
10,56,6772,25834.6,3812.9,6.78,0,0
10,56,6775,58865.3,5817.6,10.12,1,0
10,56,6798,14001.6,4312.4,3.25,0,0
10,56,7016,13110.8,2890.9,4.54,0,0
10,56,8129,81502.1,3215.3,25.35,1,0
10,56,8135,84606.6,10807.0,7.83,1,0
10,56,8174,11473.7,3352.5,3.42,0,0
10,56,9004,15123.2,3134.4,4.82,0,0
10,56,10312,17221.8,3672.7,4.69,0,0
10,56,10553,116781.9,2298.4,50.81,1,0
10,56,10577,651289.0,0.0,651289.00,1,0
10,56,10584,11811.0,3681.3,3.21,0,0
10,56,10587,35145.1,3791.2,9.27,1,0
10,56,10606,18392.0,5350.5,3.44,0,0
10,56,10739,22950.8,3099.3,7.41,0,0
10,56,11931,21150.7,2969.3,7.12,0,0
10,56,12288,11771.6,3100.2,3.80,0,0
10,56,12657,34013.8,3145.7,10.81,0,0
10,56,12761,7905.4,1941.6,4.07,0,0
10,56,12786,16952.4,3068.8,5.52,0,0
10,56,12796,122968.4,29180.5,4.21,1,0
10,56,12814,20218.2,3750.6,5.39,0,0
10,56,12834,18852.1,5023.5,3.75,0,0
10,56,12835,15875.3,3890.1,4.08,0,0
10,56,13175,15172.9,3063.0,4.95,0,0
10,56,13364,17641.6,3658.9,4.82,0,0
10,57,733,14297.2,2698.8,5.30,0,0
10,57,12796,10801.7,2711.1,3.98,0,0
10,77,450,29935.8,3631.1,8.24,0,0
10,77,564,1001620.8,1849.2,541.65,1,0
10,77,631,56856.4,13734.3,4.14,1,0
10,77,686,30541.9,8180.0,3.73,1,0
10,77,691,818052.9,55756.6,14.67,1,0
10,77,708,131302.5,827.2,158.73,1,0
10,77,712,58169.3,1228.5,47.35,1,0
10,77,726,11649.8,2253.5,5.17,1,0
10,77,728,15809.5,2393.8,6.60,0,0
10,77,731,10349.1,2664.3,3.88,0,0
10,77,735,11320.6,3054.0,3.71,0,0
10,77,736,11063.9,3162.6,3.50,0,0
10,77,744,16609.5,3789.3,4.38,0,0
10,77,759,13287.1,4048.1,3.28,0,0
10,77,952,32507.8,3004.4,10.82,0,0
10,77,1136,12052.2,3458.3,3.49,0,0
10,77,1160,31124.6,4143.9,7.51,0,0
10,77,1273,10907.2,2671.5,4.08,0,0
10,77,1783,23642.2,2907.6,8.13,0,0
10,77,1784,33099.9,2931.3,11.29,0,0
10,77,1788,12466.3,3107.9,4.01,0,0
10,77,1953,26025.8,3775.7,6.89,0,0
10,77,1954,24055.7,4212.2,5.71,0,0
10,77,1958,13235.8,3844.1,3.44,0,0
10,77,2043,588103.5,2281.8,257.73,1,0
10,77,2046,21530.5,2154.9,9.99,1,0
10,77,2051,107532.8,2454.9,43.80,1,0
10,77,2057,20021.8,2772.1,7.22,1,0
10,77,2074,12221.4,2841.6,4.30,0,0
10,77,2097,17217.9,4102.8,4.20,0,0
10,77,2970,4060.6,953.1,4.26,0,0
10,77,2976,3591418.2,7183.7,499.94,1,0
10,77,3665,537459.4,156764.7,3.43,1,0
10,77,3667,12233.7,1141.6,10.72,0,0
10,77,3674,4838.1,937.9,5.16,0,0
10,77,3700,14763.8,3386.1,4.36,0,0
10,77,3727,27461.7,4970.7,5.52,0,0
10,77,3795,567247.8,11889.9,47.71,1,0
10,77,3801,10655.6,2778.3,3.84,1,0
10,77,3813,18088.4,3039.8,5.95,1,0
10,77,3820,47197.4,3143.5,15.01,0,0
10,77,3831,34202.9,3681.0,9.29,0,0
10,77,3851,30732.5,7429.5,4.14,0,0
10,77,4129,17075.6,3276.4,5.21,0,0
10,77,4250,12329.6,2859.9,4.31,0,0
10,77,4251,13487.6,2814.8,4.79,0,0
10,77,4590,40495.8,2912.2,13.91,0,0
10,77,4748,19323.4,4540.9,4.26,0,0
10,77,5683,11656.3,3085.1,3.78,0,0
10,77,5703,22828.7,4516.0,5.06,0,0
10,77,6022,17631.6,3316.5,5.32,0,0
10,77,6592,7004828.0,67204.2,104.23,1,0
10,77,6594,297507.5,372.0,799.85,1,0
10,77,6596,9578.8,3162.8,3.03,0,0
10,77,6599,17802.1,2527.4,7.04,1,0
10,77,6615,220130.7,2992.2,73.57,1,0
10,77,6621,268630.8,3497.4,76.81,1,0
10,77,6632,3351567.0,846343.2,3.96,1,0
10,77,6772,21761.9,3459.8,6.29,0,0
10,77,6773,12981.4,3229.3,4.02,0,0
10,77,6898,731984.5,2828.5,258.79,1,0
10,77,6902,36504.3,3015.9,12.10,0,0
10,77,7029,36936.5,3141.3,11.76,0,0
10,77,7164,16554.7,3654.9,4.53,0,0
10,77,7593,87427.4,3249.0,26.91,1,0
10,77,7596,488522.2,3060.6,159.61,1,0
10,77,7884,28015.1,3053.9,9.17,0,0
10,77,7891,11669.8,3475.3,3.36,0,0
10,77,8117,246286.5,2250.3,109.45,1,0
10,77,8165,23939.7,3106.6,7.71,0,0
10,77,8166,9482.9,3133.7,3.03,0,0
10,77,8992,571852288.0,2616.2,218585.02,1,0
10,77,8993,23296.1,2631.0,8.85,0,0
10,77,9028,37491.2,7399.8,5.07,0,0
10,77,9572,12329.2,3164.4,3.90,0,0
10,77,9792,12626.3,2880.7,4.38,0,0
10,77,9811,28097.0,2954.4,9.51,0,0
10,77,9948,17023.0,2679.8,6.35,0,0
10,77,10152,47111.4,3029.6,15.55,0,0
10,77,10156,10801.6,2927.3,3.69,0,0
10,77,10244,1520413.2,70300.7,21.63,1,0
10,77,10258,93021576.0,521500.7,178.37,1,0
10,77,10308,12865.8,3647.5,3.53,0,0
10,77,10442,17113.1,3163.3,5.41,0,0
10,77,10539,178876.8,44523.6,4.02,1,0
10,77,10543,895719.0,3562.9,251.40,1,0
10,77,10567,18361.6,2651.7,6.92,0,0
10,77,10582,23207.7,3093.0,7.50,0,0
10,77,10595,21657.3,3793.4,5.71,0,0
10,77,10611,30337.3,9057.1,3.35,0,0
10,77,10728,23107.1,2964.1,7.80,0,0
10,77,11206,25135.5,2997.6,8.39,1,0
10,77,11547,29619.0,4428.6,6.69,0,0
10,77,11665,13617.9,2811.8,4.84,0,0
10,77,11892,15401.3,2725.5,5.65,0,0
10,77,11943,34812.6,3123.0,11.15,0,0
10,77,11949,11519.1,3594.7,3.20,0,0
10,77,12112,17080.5,2371.1,7.20,0,0
10,77,12118,4788854.0,66938.5,71.54,1,0
10,77,12119,41645.5,2779.6,14.98,0,0
10,77,12123,5224.0,1599.5,3.27,0,0
10,77,12124,7231.1,1626.5,4.45,0,0
10,77,12146,8959.7,2861.1,3.13,0,0
10,77,12155,21611.5,2837.6,7.62,0,0
10,77,12156,20371.7,3037.1,6.71,0,0
10,77,12248,57649.8,1870.9,30.81,1,0
10,77,12270,15173.0,3019.4,5.03,0,0
10,77,12489,20637.2,2673.0,7.72,1,0
10,77,12631,212306.2,31411.6,6.76,1,0
10,77,12649,12717.0,2922.4,4.35,0,0
10,77,12665,47456.0,4935.0,9.62,1,0
10,77,12666,12689.8,4047.8,3.13,0,0
10,77,12682,18391.3,4211.5,4.37,0,0
10,77,12683,49178.9,7073.2,6.95,0,0
10,77,12775,6219.4,1409.8,4.41,0,0
10,77,12777,5209.2,1578.2,3.30,0,0
10,77,12788,13136.5,2712.8,4.84,0,0
10,77,12797,18170.2,3026.3,6.00,0,0
10,77,12815,34343.1,4074.9,8.43,0,0
10,77,12823,27761.3,7454.9,3.72,0,0
10,77,13016,42293.5,2968.7,14.25,0,0
10,77,13020,10026.5,3199.7,3.13,0,0
10,77,13218,10626.6,3436.6,3.09,0,0
10,77,13219,26658.5,3942.7,6.76,0,0
10,77,13357,14848.3,3653.5,4.06,0,0
10,100,734,15098.5,2675.3,5.64,0,0
10,100,3712,13450.7,4350.4,3.09,0,0
10,100,4139,22930.8,3858.6,5.94,0,0
10,100,6641,13588.9,4125.2,3.29,0,0
10,100,6642,14690.1,4756.6,3.09,0,0
10,100,7040,18695.8,4874.2,3.84,0,0
10,100,8157,16248.0,3054.7,5.32,0,0
10,100,8896,14561.0,3102.0,4.69,0,0
10,100,9002,16995.5,2887.8,5.89,0,0
10,100,9800,10613.2,3118.4,3.40,0,0
10,100,12797,11029.4,2662.2,4.14,0,0
10,100,12798,10796.0,2678.7,4.03,0,0
10,173,744,22983.6,3005.8,7.65,1,0
10,173,12807,10336.3,3038.9,3.40,0,0
10,173,12808,12581.6,2998.8,4.20,0,0
10,187,320,17312.2,3038.7,5.70,0,0
10,187,1388,10256.2,2963.5,3.46,0,0
10,187,1873,15745.8,2385.5,6.60,0,0
10,187,1899,20309.0,3938.8,5.16,0,0
10,187,1959,6507.1,1998.9,3.26,1,0
10,187,2000,27533.7,8770.2,3.14,0,0
10,187,2066,89091.2,2694.7,33.06,1,0
10,187,2070,17534.7,2891.0,6.07,0,0
10,187,2079,15237.7,3237.9,4.71,0,0
10,187,2192,11231.8,3251.0,3.45,0,0
10,187,3714,9725.2,3070.7,3.17,0,0
10,187,3715,11244.2,3009.5,3.74,0,0
10,187,3934,12406.9,3008.8,4.12,0,0
10,187,4114,9617.1,2769.7,3.47,0,0
10,187,4146,27280.9,4566.0,5.97,0,0
10,187,4244,15941.3,3616.8,4.41,0,0
10,187,4696,19443.1,2673.9,7.27,0,0
10,187,4813,15647.5,5203.5,3.01,0,0
10,187,5685,21961.1,3044.1,7.21,0,0
10,187,6515,15746.5,2588.9,6.08,0,0
10,187,6620,27953.9,2859.4,9.78,0,0
10,187,6725,9463.8,2628.1,3.60,0,0
10,187,6898,10728.2,2737.9,3.92,0,0
10,187,7021,16160.4,3076.0,5.25,0,0
10,187,8043,15551.8,3158.5,4.92,0,0
10,187,8051,17409.6,3748.9,4.64,0,0
10,187,8122,102731.2,3612.4,28.44,1,0
10,187,8718,14262.5,4133.1,3.45,0,0
10,187,8796,11394.3,2780.8,4.10,0,0
10,187,8797,15409.3,2744.7,5.61,0,0
10,187,8866,630444.6,114374.8,5.51,1,0
10,187,8875,6900.2,1810.6,3.81,1,0
10,187,8885,15150.7,2363.6,6.41,0,0
10,187,9014,24304.2,4074.3,5.97,0,0
10,187,9672,544196.2,81929.6,6.64,1,0
10,187,9674,96422.9,15403.2,6.26,1,0
10,187,9699,29485.7,2684.6,10.98,0,0
10,187,9728,1044755.2,18350.4,56.93,1,0
10,187,9783,18870.7,2695.9,7.00,0,0
10,187,9811,12529.0,3172.7,3.95,0,0
10,187,10161,16450.6,2507.4,6.56,0,0
10,187,12384,12777.8,3075.7,4.15,0,0
10,187,12790,15014.1,2607.7,5.76,0,0
10,188,433,23805.9,2898.3,8.21,0,0
10,188,591,31688.5,2982.9,10.62,0,0
10,188,610,32523.5,3493.4,9.31,0,0
10,188,611,19753.0,3634.0,5.44,0,0
10,188,705,298557.4,123.3,2421.96,1,0
10,188,708,3888510.5,95004.7,40.93,1,0
10,188,709,15172.7,3329.9,4.56,0,0
10,188,710,3274.5,1076.6,3.04,1,0
10,188,713,751872.1,5553.7,135.38,1,0
10,188,757,59962.4,3564.6,16.82,1,0
10,188,767,6629251.5,945478.8,7.01,1,0
10,188,1148,11058.2,3395.0,3.26,0,0
10,188,1149,13993.2,3577.2,3.91,0,0
10,188,1283,22575.4,2911.6,7.75,0,0
10,188,1772,13211.0,2673.6,4.94,0,0
10,188,1773,16277.4,2681.7,6.07,0,0
10,188,1954,28491.2,3470.4,8.21,0,0
10,188,2073,10251.8,2634.7,3.89,0,0
10,188,3720,31919.9,5112.7,6.24,0,0
10,188,3827,25604.5,2989.1,8.57,0,0
10,188,5694,11416.0,3556.6,3.21,0,0
10,188,5695,14753.2,4005.9,3.68,0,0
10,188,6630,34548.2,3031.9,11.39,1,0
10,188,6785,34583.4,5070.2,6.82,0,0
10,188,6798,13150.8,4359.9,3.02,0,0
10,188,6891,17566.1,2544.9,6.90,0,0
10,188,7022,24805.5,2874.9,8.63,0,0
10,188,8175,23678.6,3402.9,6.96,0,0
10,188,8910,12125.5,3646.1,3.33,0,0
10,188,9009,11259.2,2863.0,3.93,0,0
10,188,9010,14413.5,2953.5,4.88,0,0
10,188,10256,8397.1,2692.6,3.12,1,0
10,188,10310,17031.6,3642.1,4.68,0,0
10,188,10311,13000.4,3892.7,3.34,0,0
10,188,10547,191520.9,2630.3,72.81,1,0
10,188,10570,10000.5,2537.4,3.94,0,0
10,188,10600,21702.6,3722.6,5.83,0,0
10,188,10601,16739.0,3806.0,4.40,0,0
10,188,10713,8072.2,2680.1,3.01,0,0
10,188,11950,28835.2,3729.6,7.73,0,0
10,188,12289,22291.8,3418.8,6.52,0,0
10,188,12497,17101.6,2911.7,5.87,0,0
10,188,12668,37762.9,3233.8,11.68,0,0
10,188,12669,13553.6,3277.8,4.13,0,0
10,188,12770,12541.9,2495.1,5.03,1,0
10,188,12791,24707.6,2682.6,9.21,0,0
10,188,12830,46589.1,4654.4,10.01,0,0
10,188,13209,10859.2,3363.6,3.23,0,0
10,188,13210,13192.4,3529.6,3.74,0,0
10,188,13347,19391.6,2909.4,6.67,0,0
10,205,756,22544.5,3398.3,6.63,0,0
10,205,2082,17041.5,2791.7,6.10,1,0
10,205,10245,6518.4,2160.0,3.02,1,0
10,205,12817,16039.6,3110.9,5.16,0,0
10,205,12818,13363.1,3182.5,4.20,0,0
10,224,222,23525.3,3519.2,6.68,0,0
10,224,555,1064459.9,152333.3,6.99,1,0
10,224,560,141802.5,23869.0,5.94,1,0
10,224,562,13647.0,819.0,16.66,0,0
10,224,563,30733.1,1551.8,19.80,0,0
10,224,576,13045.6,2323.8,5.61,0,0
10,224,626,42033.9,9318.6,4.51,0,0
10,224,710,10091.5,1551.9,6.50,0,0
10,224,728,16453.2,2830.6,5.81,0,0
10,224,747,14142.6,4109.5,3.44,0,0
10,224,771,34212.3,9156.4,3.74,0,0
10,224,1137,27261.8,3766.6,7.24,0,0
10,224,1276,20603.3,2735.4,7.53,0,0
10,224,1277,8391.0,2751.9,3.05,0,0
10,224,1301,15507.2,4631.8,3.35,0,0
10,224,1395,9292.5,2902.8,3.20,0,0
10,224,1765,12610.9,2525.5,4.99,0,0
10,224,1766,12856.4,2524.3,5.09,0,0
10,224,1877,30200.5,1958.9,15.42,1,0
10,224,1948,46298.8,4640.4,9.98,0,0
10,224,1954,17701.3,3900.8,4.54,0,0
10,224,2072,22555.5,2593.7,8.70,0,0
10,224,2098,50374.9,5405.7,9.32,1,0
10,224,2507,15327.5,3395.2,4.51,0,0
10,224,2964,27659.2,5281.0,5.24,1,0
10,224,2966,51639.1,14161.2,3.65,1,0
10,224,2968,653880.5,240.7,2716.73,1,0
10,224,2969,8285.5,668.2,12.40,0,0
10,224,2978,103574584.0,309804.7,334.32,1,0
10,224,2985,1126.6,0.0,1126.62,0,0
10,224,3018,18797.7,3585.0,5.24,0,0
10,224,3667,5732.0,1605.1,3.57,0,0
10,224,3680,37663.1,7304.2,5.16,1,0
10,224,3697,10180.1,3348.0,3.04,0,0
10,224,3716,25925.4,6106.1,4.25,0,0
10,224,3726,16218.2,5139.3,3.16,0,0
10,224,3814,18653.1,2725.1,6.84,0,0
10,224,3828,14134.2,3439.3,4.11,0,0
10,224,3849,31224.1,7944.5,3.93,0,0
10,224,4126,21811.9,2983.2,7.31,0,0
10,224,4147,37711.7,6453.4,5.84,0,0
10,224,4262,21486.0,3178.8,6.76,0,0
10,224,4692,21334.7,2856.1,7.47,0,0
10,224,5694,17555.0,3133.1,5.60,0,0
10,224,6035,24470.2,3688.3,6.63,0,0
10,224,6036,117859.5,3481.4,33.85,1,0
10,224,6064,19804.1,4235.2,4.68,0,0
10,224,6591,34458.8,2702.4,12.75,0,0
10,224,6613,8565.9,2556.8,3.35,0,0
10,224,6614,16581.9,2597.2,6.38,0,0
10,224,6617,9645.0,2792.6,3.45,0,0
10,224,6647,47363.2,6290.3,7.53,0,0
10,224,6718,876952.8,136507.2,6.42,1,0
10,224,6722,12384.6,2822.8,4.39,0,0
10,224,6723,13871.3,2760.1,5.03,0,0
10,224,6765,25870.7,6927.9,3.73,0,0
10,224,6878,12444.8,3000.2,4.15,0,0
10,224,6915,147422.3,9872.8,14.93,1,0
10,224,7029,22570.1,3325.1,6.79,0,0
10,224,7030,18246.9,4320.8,4.22,0,0
10,224,7159,27187.7,3734.2,7.28,0,0
10,224,7603,24175.4,3059.9,7.90,0,0
10,224,7733,21341.7,2997.3,7.12,0,0
10,224,7881,24684.4,3018.0,8.18,0,0
10,224,8020,15085.8,2558.7,5.90,0,0
10,224,8030,14880.5,2801.4,5.31,0,0
10,224,8031,10357.5,2793.6,3.71,0,0
10,224,8117,10432.1,2115.4,4.93,0,0
10,224,8169,29372.7,3310.1,8.87,0,0
10,224,8448,20939.5,3602.9,5.81,0,0
10,224,8880,271768.7,2568.2,105.82,1,0
10,224,8891,14333.1,153.1,93.59,0,0
10,224,8895,9049.6,428.1,21.14,1,0
10,224,8896,27219.6,580.9,46.86,0,0
10,224,8899,15319.9,1863.9,8.22,0,0
10,224,8900,5200.5,1692.8,3.07,0,0
10,224,8998,9747.2,2742.6,3.55,0,0
10,224,8999,16000.0,2749.9,5.82,0,0
10,224,9030,24169.2,6197.7,3.90,0,0
10,224,9586,22277.9,3328.8,6.69,0,0
10,224,9789,16944.6,1445.3,11.72,1,0
10,224,9791,10373.9,3034.9,3.42,0,0
10,224,9819,24596.8,7443.1,3.30,0,0
10,224,9833,105291.1,25543.8,4.12,1,0
10,224,9835,2523487.0,327588.5,7.70,1,0
10,224,9837,775133.8,19943.2,38.87,1,0
10,224,9972,25349.7,3708.7,6.84,0,0
10,224,10250,600040.5,54676.8,10.97,1,0
10,224,10283,443541.4,6907.2,64.21,1,0
10,224,10284,64163.8,892.4,71.90,1,0
10,224,10297,15503.2,3653.8,4.24,0,0
10,224,10317,122489.1,15134.4,8.09,1,0
10,224,10328,81566.4,23095.2,3.53,1,0
10,224,10432,12977.1,3321.8,3.91,1,0
10,224,10557,6668.7,2147.8,3.10,0,0
10,224,10570,8823.4,2670.2,3.30,0,0
10,224,10585,20308.5,3418.6,5.94,0,0
10,224,10607,34296.6,7046.3,4.87,0,0
10,224,10686,10073.9,2967.3,3.39,1,0
10,224,10723,20589.2,2883.9,7.14,0,0
10,224,10747,37348.0,4098.6,9.11,0,0
10,224,11212,19013.3,2826.0,6.73,0,0
10,224,11213,8856.7,2853.8,3.10,0,0
10,224,11531,15123.9,3160.3,4.79,0,0
10,224,11662,16052.6,2736.9,5.87,0,0
10,224,11918,8246.9,2662.9,3.10,0,0
10,224,12137,32415.1,3054.5,10.61,0,0
10,224,12156,43060.7,3096.8,13.90,0,0
10,224,12272,9046.7,2697.2,3.35,1,0
10,224,12300,411170.2,9820.0,41.87,1,0
10,224,12374,9501.4,3036.6,3.13,0,0
10,224,12467,210255.2,17781.1,11.82,1,0
10,224,12468,51308.5,12694.4,4.04,1,0
10,224,12469,61594.2,4809.0,12.81,1,0
10,224,12471,88586.1,3660.5,24.20,1,0
10,224,12472,65541.5,3428.2,19.12,1,0
10,224,12475,2405448.0,3633.9,661.94,1,0
10,224,12484,420392.4,3040.2,138.28,1,0
10,224,12519,34691.4,7349.8,4.72,0,0
10,224,12618,1216101.0,3270.7,371.82,1,0
10,224,12631,40632.9,9205.5,4.41,1,0
10,224,12644,13912.3,3008.1,4.62,0,0
10,224,12660,11407.1,3770.2,3.03,0,0
10,224,12680,66296.6,12564.1,5.28,1,0
10,224,12793,15691.1,2925.5,5.36,0,0
10,224,12833,41243.0,7324.7,5.63,0,0
10,224,13174,16836.8,3589.3,4.69,1,0
10,224,13216,29314.2,4059.9,7.22,0,0
10,224,13319,174038.8,2551.9,68.20,1,0
10,224,13340,13448.7,2722.8,4.94,0,0
10,224,13359,13749.7,3675.3,3.74,0,0
10,224,13360,14844.2,3987.3,3.72,0,0
10,224,13469,21572.0,3312.5,6.51,0,0
10,234,237,23766.2,3271.8,7.26,0,0
10,234,400,57107620.0,2887.5,19777.53,1,0
10,234,423,9205.8,2687.2,3.43,0,0
10,234,448,15673.5,3596.9,4.36,0,0
10,234,449,13813.3,3936.4,3.51,0,0
10,234,586,28626.5,2792.0,10.25,0,0
10,234,590,9498.9,3111.9,3.05,0,0
10,234,617,40020.3,7126.7,5.62,0,0
10,234,683,214255.0,7611.5,28.15,1,0
10,234,687,281636.1,31036.9,9.07,1,0
10,234,692,111237592.0,8415733.0,13.22,1,0
10,234,694,11334.5,-0.0,11334.46,1,0
10,234,708,5558.0,-0.0,5558.00,0,0
10,234,709,1689.7,191.2,8.84,1,0
10,234,710,1605.0,175.8,9.13,1,0
10,234,711,1593.2,177.2,8.99,0,0
10,234,712,2389.1,226.3,10.56,0,0
10,234,713,2765.3,732.7,3.77,0,0
10,234,716,4451.2,849.6,5.24,0,0
10,234,717,5637.8,614.7,9.17,0,0
10,234,720,8600.5,1314.1,6.54,0,0
10,234,730,11056.8,2865.4,3.86,0,0
10,234,731,14763.1,2970.3,4.97,0,0
10,234,755,24547.1,3924.8,6.25,0,0
10,234,768,15105.9,4555.0,3.32,0,0
10,234,950,45561.8,3118.7,14.61,0,0
10,234,955,15268.3,3310.1,4.61,0,0
10,234,1150,37012.8,4016.7,9.21,0,0
10,234,1284,13912.8,3186.9,4.37,1,0
10,234,1784,56721.3,2968.5,19.11,1,0
10,234,1789,15369.8,3358.1,4.58,0,0
10,234,1953,51443.0,4586.9,11.22,1,0
10,234,2039,14701.2,2262.0,6.50,1,0
10,234,2078,15832.2,2806.1,5.64,0,0
10,234,2093,679734.8,30676.5,22.16,1,0
10,234,3042,13001.5,3659.7,3.55,0,0
10,234,3667,41758188.0,4845908.5,8.62,1,0
10,234,3670,49707.1,12762.4,3.89,0,0
10,234,3672,79173.6,2956.3,26.78,1,0
10,234,3690,21388.7,3565.4,6.00,0,0
10,234,3708,18984.0,3670.6,5.17,0,0
10,234,3726,34972.0,9508.7,3.68,0,0
10,234,3818,15957.0,2921.9,5.46,0,0
10,234,3819,16643.5,2949.5,5.64,0,0
10,234,3844,20989.2,5852.9,3.59,0,0
10,234,4132,11412.5,2980.3,3.83,0,0
10,234,4240,14292.9,2802.0,5.10,0,0
10,234,4586,39969.3,2885.2,13.85,0,0
10,234,4590,10206.4,2946.2,3.46,0,0
10,234,4593,10069.5,3144.8,3.20,0,0
10,234,4683,19868.2,2269.7,8.75,1,0
10,234,4726,15295.1,4053.7,3.77,0,0
10,234,5682,28164.9,3293.2,8.55,0,0
10,234,5784,33811.1,2323.3,14.55,1,0
10,234,5875,25829.8,3110.7,8.30,0,0
10,234,6046,25725.1,3562.8,7.22,0,0
10,234,6622,11788.8,2807.6,4.20,0,0
10,234,6623,24321.5,2753.8,8.83,0,0
10,234,6642,13147.9,3775.3,3.48,0,0
10,234,6643,42942.9,4483.9,9.58,0,0
10,234,6721,213236.3,46293.9,4.61,1,0
10,234,6751,12112.1,3557.2,3.40,0,0
10,234,6764,20202.5,5654.7,3.57,0,0
10,234,6790,20698.5,6277.1,3.30,0,0
10,234,6890,11873.0,1630.7,7.28,1,0
10,234,6892,4952.4,1358.2,3.65,0,0
10,234,7844,544167.5,174912.6,3.11,1,0
10,234,7863,5957.3,819.9,7.27,0,0
10,234,8173,15734.5,3253.1,4.84,0,0
10,234,8174,23776.5,3553.2,6.69,0,0
10,234,8179,12394.2,4099.0,3.02,0,0
10,234,8911,27445.1,4193.7,6.54,0,0
10,234,9001,13758.8,3021.9,4.55,0,0
10,234,9016,27842.9,3662.7,7.60,0,0
10,234,9602,30729.3,3655.7,8.41,0,0
10,234,9610,11805.0,3887.1,3.04,0,0
10,234,9780,142599.2,3321.3,42.93,1,0
10,234,9790,99649.0,6716.0,14.84,1,0
10,234,9792,22597.1,3349.7,6.75,0,0
10,234,9818,11142.2,3390.1,3.29,0,0
10,234,9966,13427.1,3253.2,4.13,0,0
10,234,9967,18987.4,3301.7,5.75,0,0
10,234,10288,35668.8,3064.9,11.64,0,0
10,234,10322,24483.4,5102.0,4.80,0,0
10,234,10580,17745.3,3113.6,5.70,0,0
10,234,10610,29407.6,7845.1,3.75,0,0
10,234,10744,29755.1,3574.7,8.32,0,0
10,234,10750,12868.7,4210.7,3.06,0,0
10,234,11214,26971.3,3063.5,8.80,0,0
10,234,11897,12297.7,2638.3,4.66,1,0
10,234,11906,7607.5,2504.9,3.04,0,0
10,234,11907,90167.4,2721.6,33.13,1,0
10,234,11927,21483.7,3082.1,6.97,0,0
10,234,11932,9912.5,3174.6,3.12,0,0
10,234,11962,16937.6,3209.4,5.28,1,0
10,234,11970,25210.0,7661.9,3.29,0,0
10,234,12137,25282.2,2872.2,8.80,0,0
10,234,12146,22783.1,3285.7,6.93,0,0
10,234,12147,14653.1,2920.5,5.02,0,0
10,234,12150,9371.1,3023.3,3.10,0,0
10,234,12284,10647.3,3217.8,3.31,0,0
10,234,12464,899914.1,10129.8,88.84,1,0
10,234,12466,64300.5,5547.5,11.59,1,0
10,234,12468,16727.0,4187.4,3.99,0,0
10,234,12469,34530.7,3986.9,8.66,0,0
10,234,12526,30385.8,7088.6,4.29,0,0
10,234,12652,26916.5,3189.4,8.44,0,0
10,234,12676,30103.2,4477.6,6.72,0,0
10,234,12677,24214.8,5245.9,4.62,0,0
10,234,12747,475538.8,0.0,475538.78,1,0
10,234,12748,446649.5,301.6,1480.71,1,0
10,234,12757,1142.4,193.8,5.89,0,0
10,234,12758,2918.8,272.4,10.71,0,0
10,234,12763,3569156.8,350321.3,10.19,1,0
10,234,12784,15586.9,2866.2,5.44,0,0
10,234,12785,9180.0,2905.8,3.16,0,0
10,234,12800,10669.2,3375.5,3.16,0,0
10,234,12808,12940.5,3850.4,3.36,0,0
10,234,12821,12639.1,3704.9,3.41,0,0
10,234,12827,57474.1,10664.4,5.39,1,0
10,234,13013,27703.9,3022.0,9.17,0,0
10,234,13014,13975.2,3093.1,4.52,0,0
10,234,13120,13767.5,3005.0,4.58,1,0
10,234,13200,31337.7,3937.8,7.96,0,0
10,234,13207,12916.3,4022.3,3.21,0,0
10,239,709,1073820.4,244790.3,4.39,1,0
10,239,711,165718.6,4207.9,39.38,1,0
10,239,758,42780.7,7081.4,6.04,0,0
10,239,2093,13395.1,3661.4,3.66,0,0
10,275,322,18681.9,2946.1,6.34,0,0
10,275,616,13157.1,3149.6,4.18,0,0
10,275,722,16145.0,2752.2,5.87,0,0
10,275,1398,18808.3,3648.7,5.15,0,0
10,275,1872,46934.5,4093.0,11.47,0,0
10,275,1881,4744.2,841.4,5.64,0,0
10,275,1883,4837.4,754.5,6.41,1,0
10,275,1899,43909.6,2600.1,16.89,0,0
10,275,1906,10010.2,2751.7,3.64,1,0
10,275,1956,151424160.0,5793.7,26135.96,1,0
10,275,1957,13762.5,1855.7,7.42,0,0
10,275,1958,121456.5,20596.2,5.90,1,0
10,275,1959,7347.1,1082.8,6.79,0,0
10,275,1960,242754.1,0.0,242754.14,1,0
10,275,1963,10321.9,2603.1,3.97,0,0
10,275,1993,18922.4,5533.0,3.42,0,0
10,275,2085,12363.4,2940.4,4.20,0,0
10,275,2086,24928.6,3257.5,7.65,0,0
10,275,3688,45044.7,10219.9,4.41,1,0
10,275,3702,9358.8,1124.1,8.33,0,0
10,275,3722,36071.7,9102.0,3.96,0,0
10,275,3798,30186.3,2014.0,14.99,1,0
10,275,3816,29954.8,2808.4,10.67,0,0
10,275,3821,9893.6,3172.9,3.12,0,0
10,275,3841,21186.1,5099.2,4.15,0,0
10,275,3950,17316.2,4816.6,3.60,0,0
10,275,4124,10401.4,2893.4,3.59,0,0
10,275,4146,24418.2,4757.8,5.13,0,0
10,275,4683,11416.9,2852.9,4.00,0,0
10,275,4713,16495.3,3206.8,5.14,0,0
10,275,5660,9975.2,3275.4,3.05,0,0
10,275,5699,19178.7,5531.8,3.47,0,0
10,275,6513,17882.1,2474.8,7.23,0,0
10,275,6532,12306.7,3859.1,3.19,0,0
10,275,6609,14747.5,2612.8,5.64,0,0
10,275,6649,31230.9,6969.8,4.48,0,0
10,275,6720,17507.8,2735.7,6.40,0,0
10,275,6892,11986.9,2480.8,4.83,0,0
10,275,7024,12956.2,3001.8,4.32,0,0
10,275,8041,13019.4,2956.9,4.40,0,0
10,275,8054,18139.2,4492.8,4.04,0,0
10,275,8169,16544.1,4137.8,4.00,0,0
10,275,8874,7580.2,1671.2,4.54,1,0
10,275,8885,13322.7,2685.7,4.96,0,0
10,275,8918,11669.3,3601.3,3.24,0,0
10,275,8919,22622.4,3307.4,6.84,0,0
10,275,8984,16759.0,2330.1,7.19,0,0
10,275,9019,24430.3,4564.1,5.35,0,0
10,275,9063,3071786.2,149176.0,20.59,1,0
10,275,9696,8098.8,2647.7,3.06,0,0
10,275,9801,25436.4,3377.3,7.53,0,0
10,275,9808,10263.9,3400.9,3.02,0,0
10,275,10279,15504.1,4195.8,3.70,0,0
10,275,10592,12009.5,3568.0,3.37,0,0
10,275,12386,25365.0,2928.2,8.66,0,0
10,275,12679,13535.5,3263.1,4.15,0,0
10,275,12796,20476.3,2772.1,7.39,0,0
10,275,13462,19315.6,3687.1,5.24,0,0
10,278,247,9675.4,3038.1,3.18,0,0
10,278,435,17172.0,2922.2,5.88,0,0
10,278,588,24369.5,3077.7,7.92,0,0
10,278,729,21284.2,2587.4,8.23,0,0
10,278,730,9055.7,2635.2,3.44,0,0
10,278,762,43969.9,5268.4,8.35,0,0
10,278,892,98422.6,2754.8,35.73,1,0
10,278,936,17294.2,2832.4,6.11,0,0
10,278,956,40132.0,3333.8,12.04,0,0
10,278,961,16511.0,3696.7,4.47,0,0
10,278,1116,16605.0,3060.2,5.43,0,0
10,278,1160,23681.2,3654.1,6.48,0,0
10,278,1161,11920.8,3829.8,3.11,0,0
10,278,1979,33050.6,7430.8,4.45,0,0
10,278,2122,18506.2,4439.4,4.17,0,0
10,278,3719,25412.7,3234.7,7.86,0,0
10,278,4737,14403.8,3458.8,4.16,0,0
10,278,6642,11822.3,3259.1,3.63,0,0
10,278,6643,21357.0,3503.3,6.10,0,0
10,278,6753,9866.1,2980.9,3.31,0,0
10,278,8168,19336.5,3054.1,6.33,0,0
10,278,9962,20973.6,2963.9,7.08,0,0
10,278,10290,12400.0,2973.9,4.17,1,0
10,278,10594,10317.9,3436.2,3.00,0,0
10,278,10595,33930.2,3340.1,10.16,0,0
10,278,10600,12310.0,3615.0,3.41,0,0
10,278,10740,16095.8,3002.3,5.36,0,0
10,278,11931,30462.7,2848.3,10.69,0,0
10,278,11937,12364.3,2999.9,4.12,0,0
10,278,12139,46572.3,2830.7,16.45,0,0
10,278,12143,13137.8,3238.6,4.06,0,0
10,278,12341,13719.6,3640.9,3.77,0,0
10,278,12499,9707.9,2929.4,3.31,0,0
10,278,12652,30435.9,2960.4,10.28,0,0
10,278,12657,9101.1,2938.9,3.10,0,0
10,278,12768,32904.8,1942.0,16.94,1,0
10,278,12789,13813.2,2610.3,5.29,0,0
10,278,12791,81728.7,2597.5,31.46,1,0
10,278,12798,25621.2,3336.3,7.68,0,0
10,278,12806,16836.6,3199.7,5.26,0,0
10,278,12822,56149.9,4201.6,13.36,1,0
10,278,12827,12534.1,3403.4,3.68,0,0
10,278,13014,27916.1,3016.7,9.25,0,0
10,278,13015,15489.1,3094.3,5.01,0,0
10,278,13143,449701.9,6762.4,66.50,1,0
10,278,13147,7775.8,2160.8,3.60,0,0
10,278,13197,20607.0,3975.3,5.18,1,0
10,278,13221,12355.0,3859.3,3.20,0,0
10,278,13222,27158.7,4875.4,5.57,0,0
10,278,13249,28226.6,7302.5,3.87,0,0
10,286,738,10423.5,2748.7,3.79,0,0
10,286,12802,15128.2,2768.9,5.46,1,0
11,3,7037,46789.8,15280.9,3.06,0,0
11,3,8950,33431.2,5072.2,6.59,0,0
11,22,2149,6205653.0,1209825.4,5.13,1,0
11,22,6577,1518349.4,28571.4,53.14,1,0
11,22,6579,74472.8,6180.8,12.05,1,0
11,22,6580,45334.2,7359.4,6.16,1,0
11,22,8962,6438.6,1784.5,3.61,1,0
11,61,3721,427557.2,-0.0,427557.22,1,1
11,61,3729,1621889.2,-507.1,1621889.25,1,1
11,61,3731,40061.8,0.0,40061.84,1,1
11,61,3734,101764.8,10363.8,9.82,1,1
11,61,3735,563977.1,0.0,563977.12,1,1
11,61,3736,119108.8,544.1,218.93,1,1
11,61,3742,8257.4,2266.5,3.64,1,1
11,61,3745,32005.8,779.8,41.05,1,1
11,61,3746,248279.6,1028.1,241.49,1,1
11,61,3868,20452.8,1232.9,16.59,0,1
11,61,3869,143348.1,188.1,762.02,1,1
11,61,3870,5735.1,0.0,5735.12,0,1
11,61,3871,20725.0,0.0,20724.97,0,1
11,61,3872,7495.0,0.0,7495.01,1,1
11,61,3914,193973.2,9071.5,21.38,1,1
11,61,3920,38437.4,11628.1,3.31,1,1
11,61,3923,463227.8,11923.0,38.85,1,1
11,61,3935,476368.2,11005.5,43.28,1,1
11,61,8921,197708.3,0.0,197708.27,1,1
11,89,6584,772075.8,74794.9,10.32,1,0
11,89,6586,95764.5,530.3,180.59,1,0
11,89,6587,3485.8,164.3,21.21,1,0
11,89,6588,45560.8,213.1,213.80,1,0
11,89,6589,119394.5,232.5,513.57,1,0
11,89,6590,3224.4,327.9,9.83,0,0
11,89,6607,123894.3,6731.6,18.41,1,0
