loc,case,n_samples,n_shape,n_ceiling,n_nonfinite,n_bad,peak,bad_t
1,11,13801,1,0,0,1,14028.3,9195
1,63,13801,14,11,0,25,6.49438e+12,3678 5776 5985 7508 7509 7510 7511 7512 7513 7514 7515 7516 7517 7518 7519 7520 7521 7522 7523 7596 8083 8096 8098 8273 10455
1,116,13801,1,0,0,1,45263.7,12794
1,131,13801,1,0,0,1,154634,9191
1,142,13801,2,0,0,2,81868.9,9202 10454
1,185,13801,1,0,0,1,60507.5,4084
1,202,8908,20,18,0,38,1.32141e+18,361 731 1705 1933 2132 3659 3662 3681 3829 3830 3831 3832 3833 3834 3835 3836 3837 3838 3839 3840 3842 3843 3851 3878 3882 3884 6456 6596 6625 6952 6954 7535 8892 8903 8904 8905 8906 8907
1,215,3716,9,18,0,27,3.77972e+18,682 683 697 737 2063 2081 2092 2093 2094 2095 2096 2097 2098 2099 2100 2101 2102 2103 2104 2210 3651 3700 3711 3712 3713 3714 3715
1,243,13801,2,0,0,2,66628.2,4748 9744
1,253,13801,1,0,0,1,14352,9753
1,298,13801,2,0,0,2,46522.8,12730 12734
3,129,13801,1,0,0,1,73211.7,5625
3,164,13801,3,0,0,3,478955,673 7533 7537
4,2,13801,1,0,0,1,533219,3876
4,29,13801,1,0,0,1,201034,9764
4,45,13801,7,5,0,12,4.82133e+08,702 735 2043 9755 10229 10230 10233 10234 10238 10256 10259 12799
4,72,13801,1,0,0,1,19012.4,5356
4,79,13801,1,0,0,1,398530,2070
4,99,13801,1,0,0,1,19293.7,9767
4,114,13801,4,0,0,4,93598.7,1845 10221 10237 12801
4,133,13801,5,2,0,7,1.23372e+07,7569 9757 9758 9759 9760 9761 12632
4,164,13801,4,0,0,4,7.746e+07,7575 8760 8770 8775
4,186,13801,1,0,0,1,973902,1950
4,239,13801,2,0,0,2,107462,6954 8114
4,270,13801,2,1,0,3,8.78696e+07,701 728 2154
4,296,13801,1,0,0,1,363070,9759
5,19,13801,1,0,0,1,103026,7565
5,22,13801,2,0,0,2,63963.5,744 10224
5,31,13801,9,0,0,9,2.11839e+09,8956 8958 8966 8969 8975 8976 8978 8987 11045
5,35,13801,14,9,0,23,2.61048e+08,8922 8923 8924 8925 8926 8927 8928 8929 8930 8934 8940 8946 8948 8951 8960 8966 8968 8971 8986 8987 8988 8992 9143
5,46,13801,16,6,0,22,7.94175e+10,1954 1955 1956 1958 1959 1960 1961 1963 1968 1969 1970 1971 1974 1975 1978 1979 1981 1988 1996 2000 6584 8958
5,108,13801,2,2,0,4,7.80992e+06,13411 13412 13414 13415
5,133,13801,1,0,0,1,16373.1,7565
5,194,13801,4,2,0,6,2.10936e+06,1957 1962 1965 1972 10478 10482
5,197,13801,11,0,0,11,8.21193e+08,8951 8953 8955 8956 8959 8963 8965 8968 8970 9009 10599
5,202,626,1,9,0,10,9.21546e+14,616 617 618 619 620 621 622 623 624 625
5,224,13801,2,0,0,2,189004,2576 8111
5,232,13801,3,0,0,3,103625,8957 8960 8961
5,262,619,1,7,0,8,1.3881e+17,603 612 613 614 615 616 617 618
5,264,13801,11,0,0,11,1.26782e+07,7553 7555 7557 7559 7561 7564 7566 7569 7572 7586 8965
6,22,13801,9,2,0,11,6.7708e+06,7488 8109 8300 8305 8309 8874 8898 8985 9674 9680 9684
6,65,13801,1,0,0,1,27044.3,743
6,120,13801,1,0,0,1,133579,703
6,126,13801,2,0,0,2,16763.8,739 12803
6,131,13801,7,2,0,9,5.38516e+08,710 714 722 724 743 750 754 755 12802
6,134,13801,48,93,0,141,6.2467e+11,711 714 716 719 725 728 1009 1010 1011 1012 1013 1014 1015 1016 1017 1018 1019 1020 1021 1022 1023 1024 1025 1026 1027 1028 1029 1030 1031 1032 1033 1034 1035 1044 1066 1888 1917 1927 1930 1957 2006 2007 2008 2009 2010 2011 2012 2013 2014 2015 2016 2017 2018 2056 2057 2059 2060 2067 2074 2099 2112 2118 6027 10297 10544 10549 10566 10567 10568 10570 10571 10575 10577 10578 11892 11897 11898 11914 11915 12104 12130 12131 12145 12199 12200 12201 12202 12203 12204 12205 12206 12207 12208 12209 12210 12211 12212 12213 12214 12215 12241 12244 12262 12273 12286 12295 12765 12788 12813 12991 13014 13073 13074 13075 13076 13077 13078 13079 13080 13081 13082 13083 13084 13085 13086 13087 13088 13089 13090 13091 13092 13093 13094 13095 13096 13097 13099 13116 13136 13140 13163
6,222,13801,2,0,0,2,467319,12703 12719
7,2,13801,1,0,0,1,43553.1,9760
7,16,13793,0,0,1,1,17349.1,13792
7,31,13801,1,0,0,1,16658.8,8097
7,32,12173,0,0,1,1,13524,12172
7,62,13801,1,0,0,1,14382.5,9762
7,80,13801,1,0,0,1,14675.5,7566
7,83,11993,0,0,1,1,15322.3,11992
7,85,13801,1,0,0,1,143459,9758
7,92,13801,1,0,0,1,42883.5,9769
7,117,13801,2,0,0,2,62282.6,6880 9754
7,132,13298,4,0,1,5,630877,6876 7568 9673 9767 13297
7,137,13568,0,0,1,1,10927.3,13567
7,169,13801,1,0,0,1,560741,4100
7,174,13801,6,2,0,8,6.77535e+07,743 8114 8117 8121 8133 8135 10233 10249
7,203,13801,1,0,0,1,931699,7555
7,212,8923,48,37,1,85,6.25661e+15,1737 1739 1787 2002 2003 2004 2005 2006 2007 2008 2009 2010 2011 2012 2013 2014 2015 2016 2017 2018 2019 2021 2023 2024 2026 2045 2047 2118 2120 2145 2148 4090 4092 4093 4098 4107 4134 4136 4151 4152 4153 4154 4157 4158 4159 4160 4169 4170 4171 4172 4183 4191 4202 4205 4215 4663 4664 4669 4670 4671 4672 4679 4691 4693 4711 4725 6591 6654 6655 6658 6659 6660 6663 6669 6671 6696 6704 7572 8372 8917 8918 8919 8920 8921 8922
7,214,4793,0,0,1,1,11721.1,4792
7,220,12623,0,0,1,1,16204.6,12622
7,221,13801,1,0,0,1,2.64701e+06,2032
7,225,4793,0,0,1,1,12807.5,4792
7,229,10193,0,0,1,1,12979.1,10192
7,244,13801,1,0,0,1,757050,7563
8,37,13801,2,0,0,2,3.81919e+06,4648 4650
8,77,13801,1,0,0,1,117550,682
8,83,13801,4,0,0,4,1.41966e+06,2067 2069 6583 12803
8,94,13801,3,1,0,4,3.9474e+06,2081 8084 8085 10218
8,133,13801,1,0,0,1,21920.1,11607
8,136,13801,33,50,0,83,2.98992e+10,601 602 603 604 605 606 608 609 678 743 747 748 749 750 751 752 754 755 756 771 2094 2095 2099 2100 3818 4099 6636 6637 6638 6639 6640 6641 6643 6648 7531 8897 9775 10219 10594 10595 10596 10597 10598 10599 10600 10601 10602 10605 10619 10620 10623 10631 10651 10707 11864 12652 12664 12665 12666 12667 12668 12669 12670 12671 12674 12675 12678 12748 12774 12806 12810 12812 12813 12814 12815 12816 12817 12818 12825 12826 12834 13087 13764
8,143,13801,4,6,0,10,1.53364e+07,2076 3691 4641 4642 4670 4698 5655 5674 9776 12652
8,247,13801,12,4,0,16,2.00674e+08,3691 4074 4085 4102 4116 4642 5622 5625 8092 8875 8909 8910 8911 9749 9755 12791
9,34,13801,3,0,0,3,45608.3,9186 10959 12618
9,43,13801,18,11,0,29,1.15424e+10,544 2543 4647 5418 6769 7538 7994 9706 9707 9708 9709 9710 9711 9712 9713 9714 9715 9716 9717 9720 9723 9725 9726 9732 9733 9743 9778 9855 11017
9,65,13801,1,0,0,1,16055.2,8094
9,150,13801,1,0,0,1,13987.6,7534
9,156,13801,2,0,0,2,572293,723 2015
9,167,13801,5,0,0,5,2.51495e+07,1930 6562 6566 6597 6599
9,176,13801,1,0,0,1,77708.2,9035
9,193,13801,45,65,0,110,3.29419e+11,580 596 597 598 599 600 601 602 603 604 605 606 607 608 609 610 611 612 615 616 622 744 745 746 747 748 749 750 751 752 753 754 755 756 757 758 759 760 761 767 1705 2037 6834 8081 8864 10233 10588 10589 10590 10591 10592 10593 10594 10595 10596 10597 10598 10599 10600 10601 10602 10603 10605 10607 10612 10614 10620 10725 12644 12660 12661 12662 12663 12664 12665 12666 12667 12668 12669 12670 12671 12672 12673 12677 12796 12807 12808 12809 12810 12811 12812 12813 12814 12815 12816 12817 12818 12819 12820 12821 12822 12823 12824 12825 12826 12828 12833 12837 12838 12847
9,218,13801,1,0,0,1,104201,8854
9,238,13801,3,0,0,3,92235.6,4072 9742 9745
10,22,13801,41,9,0,50,4.57134e+10,705 715 737 4104 4107 4112 5649 5653 5658 5660 5675 5678 5705 8868 8870 8882 8884 8885 8888 8922 8927 8928 8929 8940 8941 8979 8981 8988 9000 9763 10212 10219 10222 10223 10225 10226 10227 10228 10231 10235 10238 10240 10259 10262 10271 10274 10319 12764 12765 12774
10,56,13801,17,2,0,19,5.33494e+10,729 1899 3773 6775 8129 8131 8134 8135 8141 10553 10577 10578 10585 10587 12765 12796 12799 12812 13177
10,77,13801,92,72,0,164,2.6645e+10,562 564 631 656 657 658 659 660 661 662 663 664 665 666 667 668 669 670 671 672 673 674 675 676 677 678 679 686 690 691 696 706 708 712 726 742 1770 1886 2040 2043 2046 2049 2051 2056 2057 2112 2114 2121 2132 2964 2966 2967 2969 2976 2977 2981 2994 2998 3000 3015 3665 3671 3676 3795 3801 3813 3818 3823 3830 3834 4117 4133 4722 6591 6592 6594 6599 6615 6616 6621 6632 6633 6898 7548 7550 7554 7593 7596 7601 8117 8979 8989 8992 8999 9765 10244 10246 10252 10253 10258 10259 10268 10281 10299 10539 10543 10574 10986 11206 11904 12109 12110 12115 12118 12248 12249 12251 12254 12256 12257 12262 12265 12489 12631 12634 12636 12638 12653 12660 12663 12665 12668 12720 12721 12722 12723 12724 12725 12726 12727 12728 12729 12730 12731 12732 12733 12734 12735 12736 12737 12738 12739 12740 12741 12742 12743 12748 12749 12750 12751 12752 12753 12785 12799
10,81,13801,1,0,0,1,162858,8304
10,100,13801,3,0,0,3,522030,3663 3666 6977
10,173,13801,1,0,0,1,22983.6,744
10,187,13801,38,4,0,42,5.32438e+07,698 706 708 1959 2066 2069 2445 6603 8122 8136 8144 8146 8304 8596 8680 8866 8867 8871 8875 8876 8877 8881 8889 8912 8971 8991 9004 9669 9672 9674 9675 9677 9678 9683 9684 9687 9700 9711 9726 9728 10244 10251
10,188,13801,17,7,0,24,3.1234e+08,702 704 705 708 710 711 713 740 757 767 768 769 2044 2958 2961 2966 2998 3002 6630 10256 10547 12767 12770 12835
10,205,13801,2,0,0,2,22544.5,2082 10245
10,224,13801,104,68,0,172,7.54138e+11,401 555 558 560 566 571 574 584 608 661 662 663 664 665 666 667 668 669 670 671 672 673 674 675 676 677 678 679 680 682 703 706 709 711 715 729 741 1352 1877 1879 1899 2039 2052 2098 2450 2964 2965 2966 2967 2968 2975 2978 2979 2980 2981 2989 2990 2994 3001 3008 3011 3027 3041 3662 3680 3799 3811 3820 4134 4678 4685 4687 4693 4753 5632 5654 5989 6036 6716 6718 6720 6727 6732 6757 6845 6906 6915 6926 6946 8873 8880 8886 8895 8983 9776 9789 9831 9833 9834 9835 9836 9837 9839 10242 10250 10260 10265 10269 10270 10283 10284 10290 10317 10321 10328 10403 10432 10541 10558 10686 10724 12267 12272 12293 12300 12322 12467 12468 12469 12470 12471 12472 12475 12476 12484 12618 12627 12630 12631 12632 12639 12641 12650 12655 12657 12663 12680 12725 12726 12727 12728 12729 12730 12731 12732 12733 12734 12735 12736 12737 12738 12739 12740 12741 12742 12743 12744 12778 12792 13174 13176 13319
10,234,13801,79,60,0,139,4.25368e+10,400 599 657 658 659 660 661 662 663 664 665 666 667 668 669 670 671 672 673 674 675 676 683 685 687 692 693 694 695 702 709 710 715 728 756 771 1074 1264 1284 1784 1892 1901 1953 2039 2047 2048 2093 3667 3669 3672 3676 3688 3713 4105 4115 4683 5784 6592 6603 6720 6721 6723 6748 6888 6889 6890 6891 6909 7558 7843 7844 7846 7857 7886 8862 9780 9785 9786 9790 9793 9794 9797 9799 9817 10271 10285 10540 10541 10543 10545 10689 11897 11907 11916 11934 11942 11951 11962 12260 12274 12340 12464 12466 12470 12659 12721 12722 12723 12724 12725 12726 12727 12728 12729 12730 12731 12732 12733 12734 12735 12736 12737 12738 12739 12740 12745 12746 12747 12748 12749 12750 12752 12755 12763 12771 12790 12827 12828 13120
10,239,13801,7,2,0,9,2.07528e+09,709 710 711 716 717 718 2025 2029 2031
10,275,13801,39,4,0,43,7.41137e+08,708 1868 1869 1870 1871 1877 1883 1905 1906 1956 1958 1960 1962 1967 2046 3687 3688 3689 3798 3799 3803 3893 3921 4106 4768 5650 6611 6622 6725 8031 8865 8867 8869 8874 9062 9063 9073 9082 9674 9675 9677 9686 10273
10,278,13801,12,1,0,13,3.50865e+06,697 698 714 892 10290 10597 12253 12768 12791 12822 13143 13197 13231
10,286,13801,1,0,0,1,15128.2,12802
11,3,13801,6,0,0,6,1.85761e+06,1346 6582 6963 6997 7021 9764
11,11,13801,2,0,0,2,205627,1955 5011
11,22,13801,30,14,0,44,9.43212e+08,2025 2049 2147 2148 2149 2150 2159 2161 2163 2167 2178 2181 2184 2193 3878 6577 6579 6580 6581 6583 6584 6587 6589 6594 6612 6615 8923 8924 8925 8926 8927 8928 8932 8933 8934 8935 8943 8949 8951 8955 8960 8962 8979 12441
11,43,13801,1,0,0,1,238881,7557
11,61,8929,44,27,1,71,7.11675e+14,278 2037 2043 3718 3719 3720 3721 3722 3723 3724 3725 3726 3727 3728 3729 3730 3731 3732 3733 3734 3735 3736 3737 3742 3745 3746 3752 3755 3782 3783 3784 3786 3823 3827 3846 3851 3854 3858 3861 3864 3866 3867 3869 3872 3907 3910 3914 3919 3920 3923 3926 3933 3935 3938 4200 6951 7555 8101 8103 8104 8918 8919 8920 8921 8922 8923 8924 8925 8926 8927 8928
11,89,13801,10,5,0,15,8.31699e+09,6583 6584 6585 6586 6587 6588 6589 6607 6616 6619 6625 6628 6653 6673 8956
11,240,13801,2,0,0,2,62999.5,6597 7577
