loc,case,n_samples,n_shape,n_ceiling,n_nonfinite,n_catenary,n_bad,peak,bad_t
1,11,13801,1,0,0,0,1,14028.3,9195
1,63,13801,14,11,0,18,43,6.49438e+12,643 3678 5317 5318 5322 5776 5985 7446 7447 7507 7508 7509 7510 7511 7512 7513 7514 7515 7516 7517 7518 7519 7520 7521 7522 7523 7524 7525 7526 7532 7536 7586 7596 7624 7678 8083 8096 8098 8112 8273 10455 12706 12766
1,116,13801,1,0,0,4,5,45263.7,730 2062 2063 12794 12800
1,131,13801,1,0,0,0,1,154634,9191
1,142,13801,2,0,0,1,3,81868.9,7514 9202 10454
1,185,13801,1,0,0,0,1,60507.5,4084
1,202,8908,20,18,0,47,85,1.32141e+18,361 420 731 736 1705 1779 1780 1933 1965 2074 2095 2132 2179 3659 3662 3681 3695 3813 3814 3818 3829 3830 3831 3832 3833 3834 3835 3836 3837 3838 3839 3840 3841 3842 3843 3844 3845 3846 3847 3848 3849 3851 3853 3854 3855 3871 3878 3882 3884 3886 3940 3941 3950 4129 4130 4135 4696 4701 5673 5674 5675 6456 6507 6596 6625 6637 6638 6730 6952 6954 7001 7514 7535 7536 7595 8146 8154 8892 8896 8902 8903 8904 8905 8906 8907
1,215,3716,9,18,0,39,66,3.77972e+18,589 590 594 682 683 697 736 737 741 742 743 748 749 1257 1375 1776 1780 1901 1902 2054 2063 2081 2084 2090 2091 2092 2093 2094 2095 2096 2097 2098 2099 2100 2101 2102 2103 2104 2105 2106 2107 2108 2110 2113 2114 2118 2119 2120 2121 2123 2210 2250 3648 3651 3687 3700 3706 3707 3708 3709 3710 3711 3712 3713 3714 3715
1,243,13801,2,0,0,0,2,66628.2,4748 9744
1,253,13801,1,0,0,0,1,14352,9753
1,298,13801,2,0,0,2,4,46522.8,728 729 12730 12734
3,9,13801,0,0,0,4,4,28406.5,720 726 12783 12784
3,32,13801,0,0,0,1,1,16347.8,2485
3,129,13801,1,0,0,0,1,73211.7,5625
3,164,13801,3,0,0,1,4,478955,673 7533 7537 12742
4,2,13801,1,0,0,0,1,533219,3876
4,21,13801,0,0,0,1,1,16819.8,7557
4,29,13801,1,0,0,0,1,201034,9764
4,45,13801,7,5,0,5,17,4.82133e+08,702 735 2043 2073 9755 10229 10230 10233 10234 10238 10256 10259 10293 10294 10302 12799 12805
4,72,13801,1,0,0,0,1,19012.4,5356
4,79,13801,1,0,0,5,6,398530,719 2070 2073 2087 8149 12798
4,99,13801,1,0,0,0,1,19293.7,9767
4,114,13801,4,0,0,7,11,93598.7,737 738 1845 1907 2080 2081 10221 10237 10265 12262 12801
4,133,13801,5,2,0,1,8,1.23372e+07,7569 9757 9758 9759 9760 9761 9806 12632
4,164,13801,4,0,0,4,8,7.746e+07,6863 7575 8760 8770 8775 8776 8805 8806
4,186,13801,1,0,0,0,1,973902,1950
4,195,13801,0,0,0,1,1,24390.9,7488
4,239,13801,2,0,0,0,2,107462,6954 8114
4,270,13801,2,1,0,5,8,8.78696e+07,701 728 2154 3722 3723 3799 12791 12792
4,296,13801,1,0,0,0,1,363070,9759
5,19,13801,1,0,0,0,1,103026,7565
5,22,13801,2,0,0,11,13,63963.5,744 750 1919 1920 2087 2093 8145 10224 10276 12279 12807 12808 12813
5,31,13801,9,0,0,6,15,2.11839e+09,8956 8957 8958 8966 8969 8975 8976 8977 8978 8979 8982 8987 9005 9024 11045
5,35,13801,14,9,0,9,32,2.61048e+08,2083 8922 8923 8924 8925 8926 8927 8928 8929 8930 8934 8936 8940 8944 8946 8947 8948 8949 8950 8951 8960 8961 8966 8968 8971 8986 8987 8988 8992 9038 9083 9143
5,46,13801,16,6,0,16,38,7.94175e+10,1954 1955 1956 1957 1958 1959 1960 1961 1962 1963 1964 1966 1967 1968 1969 1970 1971 1974 1975 1977 1978 1979 1980 1981 1982 1983 1985 1986 1988 1996 2000 2008 2076 2100 6584 7585 8924 8958
5,108,13801,2,2,0,1,5,7.80992e+06,13411 13412 13414 13415 13459
5,133,13801,1,0,0,0,1,16373.1,7565
5,194,13801,4,2,0,2,8,2.10936e+06,1957 1962 1965 1972 1990 10478 10482 10506
5,197,13801,11,0,0,8,19,8.21193e+08,8951 8953 8955 8956 8957 8958 8959 8962 8963 8964 8965 8967 8968 8970 9007 9008 9009 10599 10614
5,202,626,1,9,0,1,11,9.21546e+14,580 616 617 618 619 620 621 622 623 624 625
5,224,13801,2,0,0,0,2,189004,2576 8111
5,232,13801,3,0,0,0,3,103625,8957 8960 8961
5,262,619,1,7,0,4,12,1.3881e+17,430 431 436 603 611 612 613 614 615 616 617 618
5,264,13801,11,0,0,5,16,1.26782e+07,7553 7554 7555 7557 7559 7561 7564 7566 7569 7570 7572 7583 7584 7586 7607 8965
6,22,13801,9,2,0,73,84,6.7708e+06,1993 1997 1998 4139 4144 7488 7510 8024 8025 8026 8027 8028 8029 8030 8031 8032 8033 8035 8036 8038 8039 8040 8044 8047 8049 8050 8051 8052 8053 8054 8055 8056 8057 8058 8059 8109 8300 8301 8302 8303 8305 8306 8307 8309 8343 8344 8794 8795 8796 8874 8875 8878 8879 8880 8898 8905 8906 8909 8917 8918 8985 8992 8993 8998 9001 9002 9003 9094 9674 9680 9681 9684 9685 9687 9694 9695 9716 9717 9721 9722 9794 9798 9799 10244
6,37,13801,0,0,0,1,1,6621.89,8907
6,65,13801,1,0,0,5,6,27044.3,743 749 750 12806 12807 12813
6,120,13801,1,0,0,121,122,133579,595 596 597 598 599 600 601 602 603 604 605 606 607 608 609 610 611 612 613 614 703 739 742 743 744 745 746 747 748 749 750 751 752 753 754 755 756 757 758 759 760 761 762 763 764 765 766 767 768 769 770 2092 2093 2097 8801 8810 8811 12135 12136 12137 12138 12139 12140 12141 12142 12143 12144 12145 12146 12147 12148 12149 12150 12151 12152 12153 12154 12155 12156 12157 12158 12159 12160 12161 12295 12296 12659 12660 12661 12662 12663 12664 12665 12666 12667 12668 12669 12670 12671 12672 12673 12674 12675 12676 12677 12801 12817 12818 12822 12823 12824 12825 12826 12827 12828 12829 12830 12831 12832 12833 12834 12835
6,126,13801,2,0,0,1,3,16763.8,739 12803 12809
6,131,13801,7,2,0,188,197,5.38516e+08,603 604 605 606 607 608 609 610 611 612 613 614 615 616 617 618 619 710 714 716 717 722 723 724 737 740 743 744 745 746 750 754 755 756 757 767 772 773 786 794 2080 2081 2086 2089 2090 2091 2092 2093 2094 2095 2096 2097 3700 3704 3705 3707 3708 3709 3710 3711 3712 3713 3714 3715 3716 3717 3718 3719 3720 3820 3821 3824 4702 5682 5683 6626 6627 6632 6635 6636 6637 6638 6639 6640 6641 6642 6643 6644 6645 6646 6647 6755 6889 6890 6891 6892 6893 6894 6895 6896 6897 6898 6899 6900 6901 6902 6903 6904 6905 7016 8023 8024 8025 8026 8027 8028 8029 8030 8031 8032 8033 8034 8035 8036 8037 8038 8039 8040 8041 8042 8043 8044 8045 8046 8047 8048 8049 8050 8051 8052 8053 8054 8055 8056 8057 8058 8059 8162 8163 8169 8905 8906 8910 8913 8914 10291 10298 10581 10582 10585 10586 10587 10588 10590 10591 10592 10593 10594 10595 10596 10597 12666 12667 12668 12669 12670 12671 12672 12673 12674 12675 12676 12677 12678 12679 12680 12681 12682 12683 12800 12801 12802 12803 12819 12821 12822 12826
6,134,13801,48,93,0,899,1040,6.2467e+11,227 228 429 430 457 465 466 588 589 592 593 594 595 596 597 598 599 600 601 602 603 604 605 606 607 608 609 610 611 612 613 614 615 616 617 618 619 620 621 622 623 624 625 626 627 628 629 630 711 714 715 716 717 719 721 723 725 726 727 728 729 730 731 732 733 734 735 736 737 738 739 740 741 742 743 744 745 746 747 748 749 750 751 752 753 754 755 756 757 758 759 760 761 762 763 764 765 766 767 768 769 770 771 772 773 774 775 776 777 778 779 780 781 782 783 784 785 786 787 788 927 941 951 952 955 956 957 958 959 960 961 962 963 964 965 966 967 968 969 970 971 972 973 974 975 976 977 978 979 980 981 982 983 984 985 986 987 988 989 990 1009 1010 1011 1012 1013 1014 1015 1016 1017 1018 1019 1020 1021 1022 1023 1024 1025 1026 1027 1028 1029 1030 1031 1032 1033 1034 1035 1036 1037 1038 1039 1040 1044 1045 1066 1135 1148 1159 1160 1165 1166 1168 1169 1170 1171 1172 1173 1174 1175 1333 1344 1760 1761 1762 1763 1764 1765 1766 1767 1768 1769 1770 1771 1772 1773 1774 1775 1776 1777 1778 1779 1780 1781 1782 1783 1784 1785 1786 1787 1788 1789 1790 1791 1792 1793 1794 1795 1796 1797 1798 1799 1800 1801 1802 1803 1804 1805 1806 1807 1888 1917 1918 1919 1920 1922 1923 1927 1928 1929 1930 1931 1933 1934 1946 1949 1950 1957 1959 1960 1964 1965 1966 1967 1968 1969 1970 1971 1972 1973 1974 1975 1976 1977 1978 1979 1980 1981 1982 1983 2006 2007 2008 2009 2010 2011 2012 2013 2014 2015 2016 2017 2018 2019 2020 2021 2022 2023 2024 2025 2026 2027 2028 2029 2056 2057 2059 2060 2061 2062 2064 2067 2074 2084 2088 2099 2103 2104 2108 2109 2112 2118 2124 2131 2939 2940 3558 3559 3560 3561 3562 3563 3564 3565 3566 3567 3568 3569 3570 3571 3572 3573 3574 3575 3576 3577 3578 3579 3580 3581 3582 3583 3584 3585 3586 3587 3588 3589 3590 3591 3592 3593 3594 3595 3696 3807 3808 3809 3810 3811 3812 3813 3814 3815 3816 3817 3818 3819 3820 3821 3822 3823 3824 3825 3826 3827 3828 3829 3830 3831 3832 3833 3834 3835 3836 3837 3838 3839 3840 3841 4576 4577 4578 4579 4580 4581 4582 4583 4584 4585 4586 4587 4588 4589 4590 4591 4592 4593 4594 4595 4596 4597 4598 4599 4600 4601 4602 4603 4604 4605 4606 4607 4608 4609 4610 4611 4612 4727 4728 4733 5669 5670 5671 5672 5673 5674 5675 5676 5677 5678 5679 5680 5681 5682 5683 5684 5685 5686 5687 5688 5689 5690 5691 5692 5693 5694 5695 5696 5697 5698 5699 5700 5701 5702 5703 5704 6027 6030 6031 6032 6033 6034 6035 6036 6037 6038 6039 6040 6041 6042 6043 6044 6045 6046 6047 6048 6049 6050 6624 6641 6642 6647 6648 8168 8169 8174 8785 8786 8787 8788 8789 8790 8791 8792 8793 8794 8795 8796 8797 8798 8799 8800 8991 8994 8995 8996 8997 8998 8999 9000 9001 9002 9003 9004 9005 9006 9007 9008 9009 9010 9011 9012 9013 9014 9015 9016 9017 9018 9019 9020 9021 9022 9023 9024 9025 9026 9027 9028 9029 9404 9405 9406 9407 9408 9409 9410 9411 9412 9413 9414 9415 9416 9417 9418 9419 9420 9421 9422 9423 9424 9425 9426 9427 9428 9429 9430 9431 9432 9433 9434 9435 9436 9437 9563 9779 9780 9781 9782 9783 9784 9785 9786 9787 9788 9789 9790 9791 9792 9793 9794 9795 9796 9797 9798 9799 9800 9801 9802 9803 9804 9805 9806 9807 9808 9809 9810 9811 9812 9813 9814 9815 9816 9817 9818 9819 9820 9948 9968 9969 9973 9974 9976 9977 9978 9979 9980 9981 10141 10142 10144 10145 10146 10147 10148 10149 10150 10151 10152 10153 10154 10155 10156 10157 10158 10159 10160 10161 10162 10163 10164 10165 10166 10167 10168 10169 10170 10171 10172 10173 10174 10175 10176 10177 10178 10179 10180 10181 10182 10183 10184 10185 10297 10304 10331 10338 10544 10549 10559 10566 10567 10568 10569 10570 10571 10572 10573 10574 10575 10576 10577 10578 10579 10582 10585 10589 10592 10619 10622 10623 10624 10625 10742 11892 11897 11898 11899 11900 11901 11903 11911 11914 11915 11922 11936 11937 11944 11945 11947 11948 11949 11950 11951 11952 11953 11954 11955 11956 11957 11958 11959 11960 11961 11962 11963 11964 12104 12130 12131 12132 12141 12145 12146 12151 12152 12153 12162 12163 12164 12165 12176 12177 12179 12180 12181 12182 12183 12199 12200 12201 12202 12203 12204 12205 12206 12207 12208 12209 12210 12211 12212 12213 12214 12215 12216 12217 12218 12219 12220 12221 12241 12244 12262 12264 12273 12275 12276 12277 12286 12295 12298 12316 12329 12330 12338 12339 12496 12497 12501 12637 12638 12639 12640 12641 12642 12643 12644 12645 12646 12647 12648 12649 12650 12651 12652 12653 12654 12655 12656 12657 12658 12659 12660 12661 12662 12663 12664 12665 12666 12667 12668 12669 12670 12671 12672 12673 12674 12675 12676 12677 12678 12679 12680 12681 12682 12683 12684 12685 12686 12687 12688 12689 12690 12691 12692 12718 12765 12775 12788 12793 12794 12796 12797 12798 12799 12800 12801 12802 12803 12804 12805 12806 12807 12808 12809 12810 12811 12812 12813 12814 12815 12816 12817 12818 12820 12821 12822 12823 12824 12825 12830 12831 12832 12834 12835 12836 12837 12838 12839 12840 12841 12842 12843 12844 12845 12846 12847 12848 12849 12850 12851 12991 13014 13018 13019 13020 13021 13022 13023 13024 13025 13026 13027 13028 13029 13030 13031 13032 13033 13034 13035 13036 13037 13038 13039 13040 13041 13042 13043 13044 13045 13046 13047 13048 13049 13050 13051 13052 13053 13054 13073 13074 13075 13076 13077 13078 13079 13080 13081 13082 13083 13084 13085 13086 13087 13088 13089 13090 13091 13092 13093 13094 13095 13096 13097 13098 13099 13100 13102 13104 13116 13136 13140 13163 13164 13185 13201 13213 13225 13229 13230 13231 13232 13233 13234 13235 13236 13237 13238 13239 13305 13396
6,182,13801,0,0,0,8,8,22188,2428 2429 2469 2528 3641 7448 7519 7579
6,222,13801,2,0,0,25,27,467319,666 2470 2527 3640 5321 5388 5749 5817 7446 7479 7480 7481 7482 7483 7484 7485 7486 7487 7504 7508 7520 7521 7589 12703 12719 12730 12731
7,2,13801,1,0,0,0,1,43553.1,9760
7,16,13793,0,0,1,0,1,17349.1,13792
7,31,13801,1,0,0,0,1,16658.8,8097
7,32,12173,0,0,1,1,1,13524,12172
7,62,13801,1,0,0,0,1,14382.5,9762
7,68,13801,0,0,0,5,5,31218.7,737 738 743 2073 12801
7,80,13801,1,0,0,0,1,14675.5,7566
7,83,11993,0,0,1,1,1,15322.3,11992
7,85,13801,1,0,0,0,1,143459,9758
7,92,13801,1,0,0,0,1,42883.5,9769
7,117,13801,2,0,0,1,3,62282.6,6880 8104 9754
7,132,13298,4,0,1,1,5,630877,6876 7568 9673 9767 13297
7,137,13568,0,0,1,1,1,10927.3,13567
7,169,13801,1,0,0,0,1,560741,4100
7,174,13801,6,2,0,12,20,6.77535e+07,743 749 1917 2085 8114 8115 8116 8117 8121 8133 8135 8161 8169 10233 10236 10249 10286 12279 12806 12807
7,203,13801,1,0,0,0,1,931699,7555
7,212,8923,48,37,1,71,156,6.25661e+15,1737 1738 1739 1740 1741 1784 1787 2000 2001 2002 2003 2004 2005 2006 2007 2008 2009 2010 2011 2012 2013 2014 2015 2016 2017 2018 2019 2020 2021 2022 2023 2024 2026 2028 2029 2038 2045 2047 2064 2118 2120 2144 2145 2148 2179 2192 2218 2260 3717 3718 3724 3725 3726 3811 3812 3871 3926 4090 4091 4092 4093 4098 4100 4101 4107 4134 4136 4145 4146 4147 4148 4151 4152 4153 4154 4155 4156 4157 4158 4159 4160 4162 4169 4170 4171 4172 4173 4174 4175 4176 4177 4178 4182 4183 4184 4185 4186 4187 4191 4202 4205 4206 4212 4215 4281 4663 4664 4669 4670 4671 4672 4673 4675 4679 4691 4693 4711 4725 4729 6591 6647 6649 6650 6651 6652 6653 6654 6655 6657 6658 6659 6660 6661 6662 6663 6669 6670 6671 6672 6673 6674 6675 6676 6696 6704 7557 7572 8121 8372 8414 8917 8918 8919 8920 8921 8922
7,214,4793,0,0,1,1,1,11721.1,4792
7,220,12623,0,0,1,0,1,16204.6,12622
7,221,13801,1,0,0,0,1,2.64701e+06,2032
7,225,4793,0,0,1,1,1,12807.5,4792
7,229,10193,0,0,1,1,1,12979.1,10192
7,244,13801,1,0,0,0,1,757050,7563
8,37,13801,2,0,0,1,3,3.81919e+06,4648 4650 4679
8,77,13801,1,0,0,3,4,117550,682 719 12783 12788
8,83,13801,4,0,0,15,19,1.41966e+06,739 740 745 2067 2069 2079 2080 3685 3690 4694 6583 6610 6729 8146 8153 10278 10568 12803 12807
8,94,13801,3,1,0,24,28,3.9474e+06,741 742 1899 2079 2081 2087 3688 3692 4699 6613 6618 6737 8084 8085 8139 8145 9003 9004 9009 10218 10268 10282 10283 10571 10572 12805 12806 12811
8,109,13801,0,0,0,2,2,12575.8,723 12787
8,133,13801,1,0,0,0,1,21920.1,11607
8,136,13801,33,50,0,158,241,2.98992e+10,418 588 589 592 597 601 602 603 604 605 606 608 609 611 612 613 614 615 616 617 618 619 622 678 743 745 746 747 748 749 750 751 752 753 754 755 756 758 759 760 761 762 763 764 765 766 767 768 771 772 773 774 1087 1088 1268 1269 1770 1797 1798 1802 1803 1804 1919 1920 2084 2085 2088 2089 2090 2091 2094 2095 2098 2099 2100 2102 2103 2104 2105 2106 3694 3695 3699 3709 3818 3823 4099 4114 4231 4711 4718 5676 5677 5682 6620 6621 6625 6636 6637 6638 6639 6640 6641 6643 6645 6646 6647 6648 6650 6651 6652 6653 6654 6655 6656 6662 6748 6749 6755 6867 6913 6914 7009 7129 7135 7531 7577 8053 8054 8055 8058 8157 8407 8896 8897 9000 9001 9005 9775 10219 10222 10288 10556 10580 10581 10590 10591 10592 10593 10594 10595 10596 10597 10598 10599 10600 10601 10602 10603 10604 10605 10606 10607 10610 10619 10620 10623 10624 10626 10631 10651 10707 10728 10729 10735 11864 11917 12278 12482 12487 12652 12660 12664 12665 12666 12667 12668 12669 12670 12671 12672 12674 12675 12676 12678 12681 12682 12683 12684 12685 12686 12687 12689 12690 12691 12692 12693 12694 12696 12748 12774 12806 12809 12810 12811 12812 12813 12814 12815 12816 12817 12818 12821 12822 12824 12825 12826 12828 12829 12830 12832 12833 12834 12835 12836 12837 12838 13087 13151 13333 13764
8,143,13801,4,6,0,51,61,1.53364e+07,588 589 736 737 741 1766 1894 2076 2081 3691 3696 3815 3816 4638 4641 4642 4643 4644 4670 4698 4718 5655 5674 5680 5706 6619 6620 6624 6638 6639 6742 6743 6882 7006 7007 7012 7121 8056 8152 8886 8887 8905 8906 8912 8980 9721 9776 9822 9832 10270 10271 10278 10279 10576 10580 10597 12652 12656 12800 12801 12804
8,229,13801,0,0,0,7,7,32751.1,737 738 744 2069 2070 12801 12802
8,247,13801,12,4,0,36,52,2.00674e+08,727 728 732 2067 2072 3691 3696 4074 4085 4102 4105 4116 4128 4129 4642 4691 4692 5619 5622 5623 5625 5677 5678 6571 6622 6726 6998 6999 8092 8875 8906 8907 8908 8909 8910 8911 8913 8914 8915 8916 8917 8918 8920 8998 8999 9733 9749 9755 9758 9799 10258 12791
9,34,13801,3,0,0,4,7,45608.3,1938 9137 9186 9713 9714 10959 12618
9,43,13801,18,11,0,22,51,1.15424e+10,544 1986 1987 2543 3117 4647 4791 4792 5418 6769 7510 7511 7512 7538 7994 8031 8296 8907 8908 8909 9706 9707 9708 9709 9710 9711 9712 9713 9714 9715 9716 9717 9719 9720 9723 9725 9726 9727 9728 9729 9732 9733 9736 9737 9743 9778 9791 9854 9855 9870 11017
9,65,13801,1,0,0,0,1,16055.2,8094
9,98,13801,0,0,0,1,1,15927.4,5335
9,150,13801,1,0,0,0,1,13987.6,7534
9,156,13801,2,0,0,7,9,572293,723 727 728 733 2015 2059 2060 12791 12792
9,167,13801,5,0,0,3,8,2.51495e+07,1930 6562 6566 6597 6599 6616 8877 8878
9,173,13801,0,0,0,1,1,14221.4,7543
9,176,13801,1,0,0,0,1,77708.2,9035
9,193,13801,45,65,0,105,215,3.29419e+11,414 580 594 595 596 597 598 599 600 601 602 603 604 605 606 607 608 609 610 611 612 613 614 615 616 617 618 619 620 621 622 640 647 739 740 741 742 744 745 746 747 748 749 750 751 752 753 754 755 756 757 758 759 760 761 764 765 766 767 768 769 770 771 772 773 774 777 778 1085 1275 1705 1757 1795 1796 1801 1802 1917 1918 1995 2037 2083 2084 3690 3691 3695 3806 4707 5666 5667 6006 6614 6634 6635 6636 6641 6740 6741 6834 6877 6996 7001 8081 8150 8864 8992 8993 9920 10233 10280 10281 10573 10574 10586 10587 10588 10589 10590 10591 10592 10593 10594 10595 10596 10597 10598 10599 10600 10601 10602 10603 10604 10605 10607 10608 10609 10612 10614 10617 10618 10619 10620 10699 10725 10726 10737 11913 11918 12282 12478 12482 12644 12648 12658 12659 12660 12661 12662 12663 12664 12665 12666 12667 12668 12669 12670 12671 12672 12673 12677 12678 12679 12680 12683 12684 12685 12796 12804 12805 12806 12807 12808 12809 12810 12811 12812 12813 12814 12815 12816 12817 12818 12819 12820 12821 12822 12823 12824 12825 12826 12827 12828 12829 12830 12831 12832 12833 12834 12837 12838 12847 13008 13016 13165 13331 13332
9,218,13801,1,0,0,0,1,104201,8854
9,238,13801,3,0,0,0,3,92235.6,4072 9742 9745
10,22,13801,41,9,0,173,223,4.57134e+10,601 705 715 723 737 739 740 759 764 2082 2083 2087 2088 2090 2091 2092 2093 2094 2095 3704 3705 3708 3709 3710 3711 3712 3713 3714 3715 3716 3717 3724 3826 3832 3835 4104 4107 4112 4113 4122 4127 4130 4707 4708 5649 5650 5651 5652 5653 5654 5658 5660 5664 5675 5678 5682 5705 5706 5707 6632 6637 6638 6641 6642 6643 6644 6645 6759 6760 6767 6887 6888 6889 6890 6891 6892 6893 6894 6895 6896 6897 6898 6899 6900 6901 6902 6903 6904 6905 7024 7031 8024 8025 8026 8027 8028 8029 8030 8031 8032 8033 8034 8035 8036 8037 8038 8039 8040 8041 8042 8043 8044 8045 8046 8047 8048 8049 8050 8051 8052 8053 8054 8055 8056 8057 8058 8172 8173 8179 8868 8869 8870 8871 8876 8882 8883 8884 8885 8886 8887 8888 8889 8890 8891 8892 8893 8894 8896 8897 8898 8899 8900 8903 8918 8922 8926 8927 8928 8929 8932 8937 8940 8941 8979 8981 8988 8996 8999 9000 9028 9029 9033 9763 9780 9798 10212 10219 10222 10223 10224 10225 10226 10227 10228 10229 10230 10231 10232 10233 10234 10235 10236 10238 10239 10240 10259 10262 10271 10274 10277 10293 10303 10304 10319 10329 10337 10586 10587 10591 12665 12670 12764 12765 12774 12775 12784 12787 12788 12791 12805 12806 12828 12833
10,56,13801,17,2,0,428,447,5.33494e+10,428 429 433 587 588 590 591 608 609 613 614 615 616 617 618 619 620 621 622 623 624 625 626 627 628 629 630 631 713 725 726 728 729 730 746 747 761 770 774 951 952 953 954 955 956 957 958 959 960 961 1111 1112 1273 1274 1762 1763 1764 1765 1766 1767 1768 1769 1770 1771 1772 1773 1774 1775 1776 1777 1778 1779 1780 1781 1782 1783 1784 1785 1786 1787 1788 1789 1790 1791 1792 1793 1794 1795 1796 1797 1798 1799 1800 1801 1802 1803 1804 1805 1898 1899 1900 1902 1916 1943 1950 1953 1954 1955 1956 1957 1958 1959 1960 1961 1962 1963 1964 1965 1966 2092 2093 2096 2097 3690 3691 3694 3695 3696 3697 3698 3699 3700 3701 3702 3703 3704 3705 3706 3707 3708 3709 3710 3711 3712 3713 3773 3828 3843 3844 3850 4580 4581 4582 4583 4584 4585 4586 4587 4588 4589 4590 4591 4592 4593 4594 4595 4596 4597 4598 4599 4600 4601 4602 4603 4604 4605 4606 4607 4608 4609 4738 4739 4748 5685 5691 5692 6033 6034 6041 6628 6629 6634 6636 6637 6638 6639 6640 6641 6642 6643 6644 6645 6646 6647 6648 6649 6772 6775 6798 6799 6807 7015 7016 7021 8021 8022 8023 8024 8025 8026 8027 8028 8029 8030 8031 8032 8033 8034 8035 8036 8037 8038 8039 8040 8041 8042 8043 8044 8045 8046 8047 8048 8049 8050 8051 8052 8129 8131 8134 8135 8137 8141 8147 8151 8174 8175 8179 8189 9004 9005 10144 10145 10146 10147 10148 10149 10150 10151 10152 10153 10154 10155 10156 10157 10158 10159 10160 10161 10162 10163 10164 10165 10166 10167 10168 10169 10170 10171 10172 10173 10174 10175 10288 10312 10313 10319 10553 10574 10576 10577 10578 10579 10580 10583 10584 10585 10587 10588 10589 10595 10606 10607 10610 10620 10621 10738 10739 10746 11931 11935 11936 12125 12126 12127 12128 12129 12130 12131 12132 12133 12134 12135 12136 12137 12138 12139 12140 12141 12142 12143 12144 12145 12146 12147 12148 12149 12150 12151 12152 12153 12154 12155 12156 12157 12158 12159 12160 12161 12162 12163 12164 12165 12166 12167 12168 12169 12170 12171 12288 12289 12293 12657 12660 12661 12662 12663 12664 12665 12666 12667 12668 12669 12670 12671 12672 12673 12674 12675 12676 12677 12678 12679 12680 12681 12682 12683 12684 12685 12686 12687 12688 12689 12690 12691 12692 12736 12761 12765 12768 12780 12786 12789 12790 12791 12792 12793 12794 12795 12796 12797 12799 12812 12813 12814 12818 12828 12834 12835 12840 12841 12842 13015 13016 13017 13018 13019 13020 13021 13022 13023 13024 13175 13176 13177 13336 13364 13369
10,57,13801,0,0,0,4,4,14297.2,733 738 12796 12797
10,77,13801,92,72,0,1012,1176,2.6645e+10,435 450 451 455 562 564 565 580 581 583 584 585 586 587 588 589 590 591 592 593 594 595 596 597 598 599 600 601 602 603 604 605 606 607 608 609 610 611 612 613 614 615 616 617 618 619 630 631 635 636 656 657 658 659 660 661 662 663 664 665 666 667 668 669 670 671 672 673 674 675 676 677 678 679 680 681 682 683 684 685 686 687 688 689 690 691 692 693 694 695 696 697 698 702 704 706 707 708 709 710 711 712 713 714 718 720 721 722 723 724 725 726 727 728 729 730 731 732 733 734 735 736 737 738 739 740 741 742 743 744 745 746 747 748 749 750 751 752 753 754 755 756 757 758 759 760 761 762 763 764 765 766 767 768 769 770 772 773 780 781 952 953 956 957 958 959 960 961 962 963 964 965 966 967 968 969 970 971 972 973 974 975 976 977 978 979 980 981 982 983 1071 1136 1137 1159 1160 1167 1168 1253 1273 1274 1277 1278 1279 1280 1281 1282 1283 1284 1285 1286 1287 1288 1770 1772 1783 1784 1787 1788 1789 1790 1791 1792 1793 1794 1795 1796 1797 1798 1799 1800 1801 1802 1803 1804 1805 1806 1807 1808 1809 1810 1811 1812 1813 1814 1886 1928 1941 1953 1954 1958 1959 1960 1961 1962 1963 1964 1965 1966 1967 1968 1969 1970 1971 1972 1973 1974 1975 1976 1977 1978 1979 1980 1981 1982 1983 1984 2017 2018 2019 2020 2021 2022 2023 2024 2037 2040 2043 2046 2049 2051 2056 2057 2058 2066 2067 2073 2074 2076 2077 2087 2097 2110 2111 2112 2114 2121 2122 2123 2132 2137 2194 2964 2966 2967 2968 2969 2970 2971 2972 2973 2974 2976 2977 2978 2979 2980 2981 2983 2984 2994 2997 2998 3000 3015 3055 3564 3565 3566 3567 3568 3569 3570 3571 3572 3573 3574 3575 3576 3577 3578 3579 3580 3581 3582 3583 3584 3585 3586 3587 3588 3589 3590 3591 3592 3593 3594 3665 3666 3667 3668 3669 3671 3672 3673 3674 3675 3676 3677 3678 3680 3700 3703 3719 3726 3727 3734 3735 3795 3801 3813 3818 3820 3821 3823 3830 3831 3832 3834 3850 3851 3983 4117 4128 4129 4133 4134 4250 4251 4256 4568 4569 4590 4593 4594 4595 4596 4597 4598 4599 4600 4601 4602 4603 4604 4605 4606 4607 4608 4609 4610 4611 4612 4613 4614 4615 4616 4617 4618 4619 4620 4621 4622 4719 4722 4723 4748 5656 5682 5683 5688 5703 5839 5870 5871 5872 5873 5874 5875 5876 5877 5878 5879 5880 5881 5882 5883 5884 5885 5886 5887 5888 5889 5890 5891 5892 6022 6114 6591 6592 6593 6594 6595 6596 6597 6599 6600 6608 6615 6616 6618 6621 6622 6623 6624 6632 6633 6649 6670 6754 6772 6773 6781 6782 6864 6898 6902 6906 6907 6908 6909 6910 6911 6912 6913 6914 6915 6916 6917 6918 6919 6920 6921 6922 6923 7006 7007 7029 7035 7036 7163 7164 7172 7548 7550 7551 7554 7593 7596 7597 7599 7600 7601 7602 7613 7630 7631 7638 7884 7891 8012 8013 8014 8015 8016 8017 8018 8019 8020 8021 8022 8023 8024 8025 8026 8027 8028 8029 8030 8031 8032 8033 8034 8035 8036 8037 8038 8039 8040 8041 8042 8043 8044 8045 8046 8047 8048 8049 8050 8051 8052 8053 8054 8055 8056 8057 8058 8059 8060 8061 8062 8063 8064 8117 8124 8138 8145 8165 8166 8169 8170 8171 8172 8173 8174 8175 8176 8177 8178 8179 8180 8296 8297 8298 8299 8300 8301 8302 8303 8304 8305 8306 8307 8308 8309 8310 8311 8312 8313 8314 8315 8316 8317 8318 8319 8320 8321 8322 8323 8324 8325 8326 8327 8328 8329 8330 8331 8332 8777 8778 8779 8780 8781 8782 8783 8784 8785 8786 8787 8788 8789 8790 8791 8792 8793 8794 8795 8796 8797 8798 8799 8800 8801 8802 8803 8894 8895 8898 8918 8922 8979 8987 8989 8992 8993 8994 8997 8999 9004 9005 9006 9010 9013 9017 9028 9040 9414 9415 9416 9417 9418 9419 9420 9421 9422 9423 9424 9425 9426 9427 9428 9429 9430 9431 9571 9572 9577 9765 9776 9777 9792 9798 9810 9811 9815 9816 9817 9818 9819 9820 9821 9822 9823 9824 9825 9948 9952 9960 9961 9962 9963 9964 9965 9966 9967 9968 10132 10133 10152 10156 10157 10158 10159 10160 10161 10162 10163 10164 10165 10166 10167 10168 10169 10170 10171 10172 10173 10174 10175 10176 10177 10178 10179 10180 10181 10182 10183 10184 10185 10186 10187 10244 10246 10247 10249 10252 10253 10258 10259 10260 10261 10262 10268 10280 10281 10299 10300 10308 10315 10323 10324 10442 10443 10539 10543 10567 10570 10571 10572 10573 10574 10582 10583 10595 10596 10598 10599 10610 10611 10614 10615 10616 10617 10728 10729 10731 10732 10733 10734 10735 10736 10737 10738 10739 10740 10741 10742 10743 10744 10745 10746 10747 10986 11206 11209 11210 11211 11212 11213 11214 11215 11216 11217 11218 11219 11220 11221 11222 11223 11224 11225 11226 11227 11228 11229 11230 11231 11232 11233 11481 11523 11547 11556 11665 11892 11898 11904 11926 11942 11943 11949 11950 12107 12109 12110 12112 12113 12115 12118 12119 12120 12121 12123 12124 12125 12126 12127 12128 12129 12130 12131 12132 12133 12134 12135 12136 12137 12138 12139 12140 12141 12142 12143 12144 12145 12146 12147 12148 12149 12150 12151 12152 12153 12155 12156 12158 12159 12160 12161 12162 12163 12164 12165 12166 12167 12168 12169 12170 12171 12172 12173 12174 12175 12176 12177 12178 12179 12247 12248 12249 12251 12253 12254 12255 12256 12257 12258 12262 12265 12270 12274 12298 12307 12328 12329 12338 12489 12492 12493 12494 12495 12496 12497 12498 12499 12500 12501 12502 12503 12504 12505 12506 12507 12508 12509 12510 12511 12512 12513 12623 12627 12628 12630 12631 12634 12636 12638 12640 12642 12646 12649 12650 12653 12655 12656 12657 12658 12660 12661 12662 12663 12665 12666 12668 12673 12676 12682 12683 12686 12687 12688 12689 12690 12691 12692 12693 12694 12695 12696 12697 12698 12699 12700 12701 12720 12721 12722 12723 12724 12725 12726 12727 12728 12729 12730 12731 12732 12733 12734 12735 12736 12737 12738 12739 12740 12741 12742 12743 12744 12745 12746 12747 12748 12749 12750 12751 12752 12753 12754 12755 12774 12775 12777 12778 12779 12780 12781 12782 12783 12784 12785 12786 12787 12788 12789 12790 12791 12792 12793 12794 12795 12796 12797 12798 12799 12800 12801 12802 12803 12804 12805 12806 12807 12808 12809 12810 12811 12812 12813 12814 12815 12816 12817 12818 12819 12820 12821 12822 12823 12824 12825 12834 12839 12840 12848 13000 13016 13020 13021 13022 13023 13024 13025 13026 13027 13028 13029 13030 13031 13032 13033 13034 13035 13036 13037 13038 13039 13040 13041 13042 13043 13044 13045 13046 13047 13202 13218 13219 13226 13227 13320 13331 13332 13333 13334 13357 13358
10,81,13801,1,0,0,0,1,162858,8304
10,100,13801,3,0,0,39,42,522030,733 734 739 3663 3666 3667 3668 3669 3711 3712 3716 4139 4144 6641 6642 6646 6977 7020 7040 7047 8157 8164 8895 8896 8900 8902 8903 8905 8906 8907 8908 8909 8910 8911 8921 9002 9007 9800 9801 12797 12798 12802
10,147,13801,0,0,0,1,1,7302.13,8920
10,173,13801,1,0,0,4,5,22983.6,744 751 12807 12808 12813
10,187,13801,38,4,0,433,475,5.32438e+07,320 321 698 706 708 712 735 736 1387 1388 1394 1872 1873 1875 1876 1877 1878 1879 1880 1881 1882 1883 1884 1885 1899 1902 1903 1904 1905 1906 1907 1908 1953 1954 1955 1956 1957 1958 1959 1960 1961 1962 1963 1964 1965 1966 1967 1969 1975 1989 1990 1991 2000 2003 2066 2067 2069 2070 2073 2074 2075 2076 2077 2078 2079 2082 2083 2084 2085 2086 2087 2088 2089 2104 2105 2191 2192 2199 2445 3714 3715 3720 3810 3811 3813 3814 3815 3816 3817 3820 3821 3822 3823 3824 3828 3933 3934 3939 4016 4017 4018 4019 4020 4021 4022 4023 4024 4025 4026 4027 4028 4029 4030 4031 4032 4033 4034 4035 4036 4037 4038 4039 4040 4041 4042 4043 4044 4045 4046 4047 4048 4049 4050 4051 4052 4053 4054 4055 4056 4113 4114 4115 4131 4132 4146 4151 4244 4251 4696 4699 4700 4701 4702 4703 4704 4705 4706 4707 4708 4709 4710 4711 4712 4713 4813 5563 5564 5565 5566 5567 5568 5569 5570 5571 5572 5573 5574 5575 5576 5577 5578 5580 5581 5582 5583 5584 5587 5685 5692 6510 6515 6517 6518 6519 6520 6521 6522 6523 6524 6525 6526 6527 6528 6529 6530 6531 6532 6533 6534 6535 6536 6537 6538 6539 6540 6541 6542 6543 6544 6545 6546 6547 6548 6549 6603 6620 6624 6625 6627 6628 6629 6630 6631 6645 6652 6653 6724 6725 6728 6729 6730 6731 6732 6733 6734 6735 6822 6898 6899 6902 6903 6904 6905 6906 6907 7021 7022 7026 7482 7488 7489 7490 7491 7492 7493 7494 7495 7496 7497 7498 7501 7502 7503 7504 7505 7609 7610 7616 8015 8016 8017 8018 8019 8020 8021 8022 8023 8024 8025 8026 8027 8028 8032 8043 8044 8051 8054 8055 8056 8057 8058 8059 8060 8061 8062 8063 8064 8067 8122 8123 8128 8136 8144 8146 8149 8172 8173 8298 8299 8300 8301 8302 8303 8304 8305 8313 8319 8325 8424 8592 8593 8596 8600 8601 8602 8631 8632 8645 8646 8680 8717 8718 8796 8797 8799 8800 8801 8802 8803 8804 8805 8806 8807 8808 8809 8810 8811 8812 8813 8814 8815 8816 8817 8818 8819 8820 8821 8822 8823 8824 8825 8866 8867 8869 8870 8871 8872 8875 8876 8877 8878 8879 8880 8881 8882 8885 8888 8889 8890 8891 8892 8893 8895 8896 8897 8898 8899 8900 8901 8902 8912 8914 8921 8924 8925 8971 8975 8976 8977 8986 8987 8991 8992 8996 8997 9004 9008 9013 9014 9017 9018 9102 9103 9669 9670 9672 9674 9675 9677 9678 9681 9683 9684 9685 9686 9687 9688 9689 9698 9699 9700 9705 9711 9716 9722 9726 9728 9731 9733 9734 9783 9788 9789 9811 9812 9816 9818 9819 10161 10164 10165 10244 10245 10251 10252 10289 10290 10877 12384 12385 12389 12790 12794 13443 13444
10,188,13801,17,7,0,496,520,3.1234e+08,433 439 591 592 594 610 611 614 615 616 617 618 619 620 621 622 623 624 625 626 627 628 629 630 631 632 633 702 704 705 706 707 708 709 710 711 712 713 714 716 723 724 734 735 740 747 748 749 750 757 764 767 768 769 771 810 823 1068 1148 1149 1156 1283 1288 1772 1773 1775 1776 1777 1778 1779 1780 1781 1782 1783 1784 1785 1786 1787 1788 1789 1790 1791 1792 1793 1794 1795 1796 1797 1798 1799 1800 1801 1802 1803 1804 1805 1806 1807 1808 1809 1939 1954 1955 1958 1959 1961 1962 1963 1964 1965 1966 1967 1968 1969 1970 1971 2044 2064 2073 2074 2076 2077 2078 2079 2080 2081 2082 2083 2084 2085 2086 2087 2088 2089 2090 2091 2092 2093 2094 2095 2096 2097 2098 2099 2100 2101 2958 2961 2966 2969 2975 2998 2999 3002 3003 3004 3012 3059 3060 3072 3704 3720 3721 3724 3733 3827 3831 3832 3833 3834 3835 3836 3837 3838 3839 3840 4577 4578 4579 4580 4581 4582 4583 4584 4585 4586 4587 4588 4589 4590 4591 4592 4593 4594 4595 4596 4597 4598 4599 4600 4601 4602 4603 4604 4605 4606 4607 4608 4609 4610 4611 4612 4613 4614 4703 5694 5695 5699 6630 6633 6634 6635 6636 6637 6638 6639 6640 6641 6642 6643 6644 6645 6646 6647 6648 6649 6650 6767 6785 6798 6804 6890 6891 6895 6897 6898 6899 6900 6901 6902 6903 6904 6906 6907 7022 7027 7145 7146 8018 8019 8020 8021 8022 8023 8024 8025 8026 8027 8028 8029 8030 8031 8032 8033 8034 8035 8036 8037 8038 8039 8040 8041 8042 8043 8044 8045 8046 8047 8048 8049 8050 8051 8052 8053 8054 8055 8056 8057 8058 8153 8174 8175 8181 8182 8909 8910 8914 9008 9009 9010 9014 9015 9791 9792 9793 9794 9797 9798 9799 9800 9801 9802 9803 9804 9805 9806 9807 9808 9809 9810 9811 9812 9813 9814 10142 10143 10144 10145 10146 10147 10148 10149 10150 10151 10152 10153 10154 10155 10156 10157 10158 10159 10160 10161 10162 10163 10164 10165 10166 10167 10168 10169 10170 10171 10172 10173 10174 10175 10176 10177 10178 10250 10251 10253 10256 10288 10310 10311 10317 10318 10547 10550 10553 10570 10571 10573 10574 10600 10601 10604 10605 10606 10607 10608 10609 10610 10611 10713 11923 11924 11950 11957 11958 12125 12126 12127 12128 12129 12130 12131 12132 12133 12134 12135 12136 12137 12138 12139 12140 12141 12142 12143 12144 12145 12146 12147 12148 12149 12150 12151 12152 12153 12154 12155 12156 12157 12158 12159 12160 12161 12162 12163 12164 12165 12166 12167 12168 12169 12170 12171 12172 12289 12295 12326 12332 12496 12497 12502 12654 12668 12669 12671 12672 12673 12674 12675 12676 12677 12678 12679 12680 12681 12682 12683 12684 12685 12686 12687 12688 12689 12690 12691 12692 12693 12694 12695 12696 12697 12762 12767 12770 12778 12791 12794 12795 12796 12797 12798 12799 12800 12801 12802 12803 12804 12805 12806 12813 12822 12830 12835 12836 12837 12838 13173 13209 13210 13217 13346 13347 13353
10,205,13801,2,0,0,11,13,22544.5,733 755 756 762 2082 10245 10290 10291 12772 12794 12817 12818 12823
10,216,13801,0,0,0,1,1,6192.54,7518
10,224,13801,104,68,0,1105,1277,7.54138e+11,222 227 228 401 407 418 419 421 422 423 424 425 426 427 428 430 431 432 433 434 435 436 437 438 439 440 441 442 443 444 445 446 476 477 555 558 559 560 561 562 563 565 566 571 572 573 574 575 576 578 579 580 581 582 583 584 585 586 587 588 589 590 591 592 593 594 595 596 597 598 599 600 601 602 603 604 605 606 607 608 609 610 611 612 613 614 615 616 617 618 619 620 621 625 626 627 629 630 631 632 633 634 635 636 637 638 639 640 661 662 663 664 665 666 667 668 669 670 671 672 673 674 675 676 677 678 679 680 681 682 683 684 685 686 687 688 689 690 691 692 701 703 704 706 707 708 709 710 711 712 713 714 715 716 717 718 719 720 721 722 723 724 726 727 728 729 730 731 732 733 734 735 736 737 738 739 740 741 747 748 750 751 752 753 754 755 758 762 763 770 771 774 775 776 777 950 951 952 953 954 955 956 957 958 959 960 961 962 963 964 965 966 967 968 969 970 1137 1147 1148 1257 1258 1276 1277 1280 1281 1282 1283 1284 1291 1301 1302 1305 1352 1394 1395 1400 1414 1415 1765 1766 1768 1769 1770 1771 1772 1773 1774 1775 1776 1777 1778 1779 1780 1781 1782 1783 1784 1785 1786 1787 1788 1789 1790 1791 1792 1793 1794 1795 1796 1797 1798 1799 1800 1801 1802 1803 1804 1805 1806 1807 1808 1809 1810 1811 1812 1829 1877 1879 1899 1933 1948 1954 1956 1957 1958 1959 1960 1961 1962 1963 1964 1965 1966 1967 1968 1969 1970 1971 1972 1973 1974 1975 1976 1977 1978 1979 1980 1981 1989 1990 2019 2020 2021 2022 2023 2039 2052 2053 2056 2058 2059 2060 2072 2073 2075 2076 2077 2078 2097 2098 2102 2103 2104 2105 2106 2107 2108 2109 2110 2450 2507 2515 2964 2965 2966 2967 2968 2969 2970 2971 2974 2975 2978 2979 2980 2981 2982 2983 2984 2985 2988 2989 2990 2992 2994 2995 2997 3001 3005 3008 3009 3010 3011 3012 3018 3027 3041 3055 3567 3568 3569 3570 3571 3572 3573 3574 3575 3576 3577 3578 3579 3580 3581 3582 3583 3584 3585 3586 3587 3588 3589 3590 3591 3592 3593 3594 3595 3596 3662 3667 3668 3670 3671 3672 3673 3674 3680 3681 3683 3685 3686 3689 3690 3692 3693 3694 3697 3700 3708 3709 3716 3717 3726 3727 3731 3732 3733 3796 3798 3799 3811 3814 3816 3817 3818 3819 3820 3828 3831 3832 3840 3848 3849 3852 3853 4125 4126 4130 4134 4135 4137 4138 4147 4152 4159 4160 4261 4262 4268 4269 4569 4570 4571 4572 4573 4574 4575 4576 4577 4578 4579 4580 4581 4582 4583 4584 4585 4586 4587 4588 4589 4590 4591 4592 4593 4594 4595 4596 4597 4598 4599 4600 4601 4602 4603 4604 4605 4606 4607 4608 4609 4610 4611 4612 4613 4614 4615 4616 4617 4618 4619 4620 4621 4622 4678 4682 4685 4686 4687 4691 4692 4693 4700 4723 4724 4734 4751 4753 5552 5553 5554 5555 5556 5557 5558 5559 5560 5561 5562 5563 5564 5565 5566 5567 5568 5569 5570 5571 5572 5573 5574 5575 5576 5577 5578 5579 5580 5581 5582 5583 5584 5585 5586 5587 5588 5589 5590 5632 5654 5656 5694 5696 5989 6035 6036 6064 6065 6071 6509 6510 6511 6512 6591 6592 6594 6595 6613 6614 6616 6617 6618 6619 6620 6621 6622 6623 6624 6625 6626 6627 6628 6629 6630 6631 6646 6647 6650 6651 6652 6653 6654 6655 6656 6657 6658 6659 6660 6716 6717 6718 6719 6720 6722 6723 6725 6727 6728 6729 6732 6757 6758 6765 6845 6878 6879 6881 6882 6883 6884 6885 6886 6887 6888 6889 6890 6891 6892 6893 6894 6895 6896 6897 6898 6899 6900 6905 6906 6915 6916 6917 6922 6923 6926 6946 6984 7029 7030 7034 7037 7038 7052 7128 7159 7167 7603 7607 7733 7737 7880 7881 7887 7888 8019 8020 8022 8023 8024 8025 8026 8027 8028 8029 8030 8031 8032 8033 8034 8035 8036 8037 8038 8039 8040 8041 8042 8043 8044 8045 8046 8047 8048 8049 8050 8051 8052 8053 8054 8055 8056 8057 8058 8059 8060 8061 8062 8063 8064 8065 8066 8067 8117 8126 8155 8168 8169 8175 8176 8177 8187 8188 8293 8294 8295 8296 8297 8298 8299 8300 8301 8302 8303 8304 8305 8306 8307 8308 8309 8310 8311 8312 8313 8314 8315 8316 8317 8318 8319 8320 8321 8322 8323 8324 8325 8326 8327 8328 8329 8330 8331 8332 8333 8334 8335 8336 8448 8457 8779 8780 8781 8782 8783 8784 8785 8786 8787 8788 8789 8790 8791 8792 8793 8794 8795 8796 8797 8798 8799 8800 8801 8802 8803 8873 8874 8880 8881 8882 8883 8886 8887 8888 8889 8890 8891 8893 8895 8896 8897 8898 8899 8900 8901 8902 8904 8905 8907 8908 8909 8911 8912 8913 8917 8922 8923 8983 8998 8999 9003 9020 9030 9031 9586 9594 9595 9776 9789 9790 9791 9794 9796 9797 9801 9802 9804 9805 9806 9807 9808 9809 9810 9819 9824 9831 9833 9834 9835 9836 9837 9839 9847 9947 9971 9972 9979 10136 10137 10138 10139 10140 10141 10142 10143 10144 10145 10146 10147 10148 10149 10150 10151 10152 10153 10154 10155 10156 10157 10158 10159 10160 10161 10162 10163 10164 10165 10166 10167 10168 10169 10170 10171 10172 10173 10174 10175 10176 10177 10178 10179 10180 10181 10182 10183 10184 10185 10186 10187 10242 10250 10253 10255 10256 10260 10263 10265 10267 10269 10270 10283 10284 10285 10286 10289 10290 10292 10293 10297 10303 10314 10315 10317 10318 10321 10328 10352 10353 10403 10432 10541 10556 10557 10558 10559 10570 10582 10585 10586 10587 10588 10589 10590 10591 10596 10597 10600 10606 10607 10610 10611 10612 10613 10614 10615 10616 10617 10686 10723 10724 10747 10753 10754 11212 11213 11216 11217 11218 11219 11220 11221 11222 11223 11224 11225 11226 11227 11228 11229 11230 11231 11232 11233 11531 11532 11536 11662 11668 11918 11919 12137 12140 12156 12157 12159 12160 12161 12162 12163 12164 12165 12166 12167 12168 12169 12170 12171 12172 12173 12174 12175 12176 12177 12256 12267 12272 12275 12276 12293 12300 12311 12322 12374 12467 12468 12469 12470 12471 12472 12473 12474 12475 12476 12484 12491 12507 12508 12519 12618 12627 12630 12631 12632 12633 12635 12637 12639 12641 12644 12645 12647 12648 12650 12651 12652 12653 12654 12655 12656 12657 12658 12659 12660 12662 12663 12664 12665 12666 12667 12668 12669 12670 12671 12672 12673 12674 12676 12677 12678 12679 12680 12683 12684 12685 12686 12687 12688 12689 12690 12691 12692 12695 12696 12699 12700 12701 12702 12703 12704 12725 12726 12727 12728 12729 12730 12731 12732 12733 12734 12735 12736 12737 12738 12739 12740 12741 12742 12743 12744 12745 12746 12747 12748 12749 12750 12751 12752 12753 12754 12755 12756 12774 12775 12778 12780 12781 12782 12783 12784 12785 12786 12787 12788 12789 12790 12791 12792 12793 12795 12796 12797 12798 12799 12800 12801 12802 12803 12804 12805 12806 12807 12808 12810 12811 12812 12813 12816 12817 12822 12823 12832 12833 12836 12837 12838 12839 12840 12841 13014 13015 13016 13017 13018 13019 13020 13021 13022 13023 13024 13025 13026 13027 13028 13029 13030 13031 13032 13033 13034 13174 13176 13184 13216 13225 13226 13319 13333 13334 13340 13341 13343 13359 13360 13363 13364 13365 13366 13367 13368 13469 13477
10,234,13801,79,60,0,978,1117,4.25368e+10,237 241 400 401 413 423 448 449 452 453 586 587 589 590 591 592 593 594 595 596 597 598 599 600 601 602 603 604 605 606 607 608 609 610 611 612 613 614 615 616 617 618 620 621 622 623 624 625 626 627 628 629 630 631 632 633 634 635 636 637 638 657 658 659 660 661 662 663 664 665 666 667 668 669 670 671 672 673 674 675 676 677 678 679 680 681 682 683 684 685 686 687 688 689 690 692 693 694 695 696 697 699 701 702 703 705 706 708 709 710 711 712 713 714 715 716 717 718 719 720 721 722 723 724 725 726 727 728 729 730 731 732 733 734 735 736 737 738 739 740 741 742 743 744 745 746 747 748 749 750 751 754 755 756 758 759 760 761 762 767 768 771 774 775 778 779 780 781 782 933 950 955 956 957 958 959 960 961 962 963 964 965 966 967 968 969 970 971 972 973 974 975 976 977 978 979 980 981 982 983 984 1074 1150 1157 1158 1260 1264 1284 1287 1783 1784 1788 1789 1790 1791 1792 1793 1794 1795 1796 1797 1798 1799 1800 1801 1802 1803 1804 1805 1806 1807 1808 1809 1810 1811 1812 1813 1814 1892 1899 1901 1914 1915 1919 1920 1953 1956 1957 1958 1959 1960 1961 1962 1963 1964 1965 1966 1967 1968 1969 1970 1971 1972 1973 1974 1975 1976 1977 1978 1986 2016 2017 2018 2019 2020 2021 2022 2023 2024 2025 2039 2047 2048 2065 2078 2084 2093 2122 2123 2127 3042 3564 3565 3566 3567 3568 3569 3570 3571 3572 3573 3574 3575 3576 3577 3578 3579 3580 3581 3582 3583 3584 3585 3586 3587 3588 3589 3590 3591 3592 3593 3594 3667 3669 3670 3671 3672 3673 3674 3676 3681 3688 3690 3691 3708 3713 3719 3726 3739 3818 3819 3822 3823 3824 3825 3826 3827 3828 3829 3834 3843 3844 3847 3848 3965 3973 4105 4110 4115 4131 4132 4136 4239 4240 4244 4245 4586 4590 4591 4592 4593 4594 4595 4596 4597 4598 4599 4600 4601 4602 4603 4604 4605 4606 4607 4608 4609 4610 4611 4612 4613 4614 4615 4616 4617 4618 4619 4620 4621 4683 4725 4726 4731 5682 5685 5686 5687 5688 5689 5690 5691 5692 5693 5694 5695 5696 5705 5706 5784 5789 5875 5879 5880 5881 5882 5883 5884 5885 5886 5887 5888 5889 5890 5891 5892 6025 6046 6050 6592 6603 6622 6623 6626 6627 6642 6643 6647 6648 6649 6650 6651 6652 6653 6654 6655 6656 6657 6658 6720 6721 6722 6723 6724 6725 6727 6730 6748 6751 6764 6790 6888 6889 6890 6891 6892 6893 6894 6895 6899 6902 6909 6922 6923 6942 7000 7001 7009 7010 7011 7012 7013 7014 7015 7016 7017 7018 7019 7020 7021 7022 7023 7024 7025 7026 7027 7028 7029 7057 7058 7133 7558 7596 7600 7843 7844 7845 7846 7847 7848 7849 7850 7851 7857 7863 7876 7886 7895 7899 7908 8013 8014 8015 8016 8017 8018 8019 8020 8021 8022 8023 8024 8025 8026 8027 8028 8029 8030 8031 8032 8033 8034 8035 8036 8037 8038 8039 8040 8041 8042 8043 8044 8045 8046 8047 8048 8049 8050 8051 8052 8053 8054 8055 8056 8057 8058 8059 8060 8061 8062 8063 8064 8173 8174 8179 8182 8300 8301 8302 8303 8304 8305 8306 8307 8308 8309 8310 8311 8312 8313 8314 8315 8316 8317 8318 8319 8320 8321 8322 8323 8324 8325 8326 8327 8328 8329 8330 8331 8332 8780 8781 8782 8783 8784 8785 8786 8787 8788 8789 8790 8791 8792 8793 8794 8795 8796 8797 8798 8799 8800 8801 8802 8803 8862 8911 8916 9001 9016 9019 9020 9021 9022 9023 9024 9025 9026 9027 9414 9415 9416 9417 9418 9419 9420 9421 9422 9423 9424 9425 9426 9427 9428 9429 9430 9431 9563 9564 9602 9610 9780 9785 9786 9789 9790 9791 9792 9793 9794 9797 9799 9806 9807 9808 9817 9818 9821 9822 9825 9944 9966 9967 9972 9975 10133 10134 10135 10136 10137 10138 10139 10140 10141 10142 10143 10144 10145 10146 10147 10148 10149 10150 10151 10152 10153 10154 10155 10156 10157 10158 10159 10160 10161 10162 10163 10164 10165 10166 10167 10168 10169 10170 10171 10172 10173 10174 10175 10176 10177 10178 10179 10180 10181 10182 10183 10184 10185 10186 10271 10285 10288 10292 10294 10296 10308 10322 10323 10328 10540 10541 10543 10545 10555 10556 10558 10560 10562 10563 10564 10565 10566 10567 10568 10569 10570 10571 10572 10573 10574 10575 10576 10577 10578 10579 10580 10581 10582 10583 10584 10585 10586 10587 10588 10589 10590 10591 10592 10593 10594 10595 10596 10604 10605 10610 10611 10613 10614 10615 10616 10617 10689 10727 10743 10744 10750 11214 11217 11218 11219 11220 11221 11222 11223 11224 11225 11226 11227 11228 11229 11230 11231 11232 11233 11897 11906 11907 11911 11916 11927 11932 11933 11934 11935 11940 11941 11942 11943 11951 11958 11962 11963 11964 11970 11976 12126 12137 12138 12140 12141 12142 12143 12144 12145 12146 12147 12148 12149 12150 12151 12152 12153 12154 12155 12156 12157 12158 12159 12160 12161 12162 12163 12164 12165 12166 12167 12168 12169 12170 12171 12172 12173 12174 12175 12176 12177 12178 12179 12260 12268 12274 12284 12285 12288 12340 12365 12366 12371 12402 12403 12464 12465 12466 12468 12469 12470 12476 12483 12484 12516 12517 12525 12526 12532 12652 12654 12655 12656 12657 12658 12659 12660 12661 12662 12663 12664 12665 12666 12667 12668 12669 12670 12671 12672 12673 12674 12675 12676 12677 12679 12680 12681 12682 12683 12684 12685 12686 12687 12688 12689 12690 12691 12692 12693 12694 12695 12696 12697 12698 12699 12700 12701 12702 12721 12722 12723 12724 12725 12726 12727 12728 12729 12730 12731 12732 12733 12734 12735 12736 12737 12738 12739 12740 12741 12742 12743 12744 12745 12746 12747 12748 12749 12750 12751 12752 12753 12755 12756 12757 12758 12761 12763 12765 12769 12770 12771 12773 12774 12784 12785 12787 12788 12789 12790 12791 12792 12793 12794 12795 12796 12797 12798 12799 12800 12801 12802 12803 12804 12805 12806 12807 12808 12809 12810 12811 12812 12813 12814 12815 12816 12817 12820 12821 12823 12826 12827 12828 12831 12834 12842 12843 12846 12997 13013 13014 13017 13018 13019 13020 13021 13022 13023 13024 13025 13026 13027 13028 13029 13030 13031 13032 13033 13034 13035 13036 13037 13038 13039 13040 13041 13042 13043 13044 13045 13046 13047 13048 13120 13174 13200 13207 13329 13337 13338 13339 13340 13341 13342 13343 13344
10,239,13801,7,2,0,11,20,2.07528e+09,709 710 711 715 716 717 718 746 757 758 764 765 2023 2025 2029 2031 2057 2093 2094 12786
10,275,13801,39,4,0,499,542,7.41137e+08,321 322 327 616 617 622 708 722 725 750 751 754 1271 1272 1273 1274 1275 1276 1277 1278 1279 1280 1281 1282 1283 1284 1285 1398 1406 1868 1869 1870 1871 1872 1873 1874 1875 1877 1880 1881 1883 1887 1891 1895 1896 1899 1900 1901 1905 1906 1907 1908 1909 1910 1913 1915 1919 1920 1924 1956 1957 1958 1959 1960 1962 1963 1964 1967 1970 1972 1977 1985 1992 1993 1999 2000 2009 2046 2057 2085 2086 2090 2091 2092 2093 2094 2095 2096 2097 2098 2099 2100 2101 2102 2195 2196 2202 3676 3687 3688 3689 3690 3691 3692 3700 3701 3702 3703 3704 3705 3721 3722 3741 3742 3755 3798 3799 3803 3815 3816 3821 3841 3842 3845 3893 3911 3921 3934 3950 3951 4015 4016 4017 4018 4019 4020 4021 4022 4023 4024 4025 4026 4027 4028 4029 4030 4031 4032 4033 4034 4035 4036 4037 4038 4039 4040 4041 4042 4043 4044 4045 4046 4047 4048 4049 4050 4051 4052 4053 4054 4055 4056 4106 4107 4124 4125 4145 4146 4151 4156 4248 4249 4250 4683 4686 4713 4714 4717 4718 4764 4768 4769 4812 4813 5561 5562 5563 5564 5565 5566 5567 5568 5569 5570 5571 5572 5573 5574 5575 5576 5577 5578 5579 5580 5581 5582 5583 5584 5585 5586 5587 5588 5589 5590 5591 5592 5593 5594 5595 5596 5597 5650 5660 5698 5699 5704 6512 6513 6515 6516 6517 6518 6519 6520 6521 6522 6523 6524 6525 6526 6527 6531 6532 6534 6535 6536 6537 6538 6539 6540 6541 6542 6543 6544 6545 6546 6547 6548 6609 6611 6612 6613 6614 6618 6619 6620 6622 6627 6649 6720 6724 6725 6731 6753 6754 6892 6895 6896 6897 6898 6899 6900 6901 6902 6903 6904 6905 6906 7024 7025 7030 7488 7489 7490 7491 7492 7493 7494 7495 7496 7497 7498 7499 7500 7501 7502 7503 7504 7505 7509 7613 7614 7623 8016 8017 8018 8019 8020 8021 8022 8023 8024 8025 8026 8027 8028 8029 8031 8040 8041 8043 8044 8045 8046 8047 8054 8057 8058 8059 8060 8061 8062 8063 8064 8065 8136 8169 8333 8784 8785 8786 8787 8788 8789 8790 8791 8792 8793 8794 8795 8796 8797 8798 8799 8800 8801 8802 8803 8804 8805 8806 8807 8808 8809 8810 8811 8812 8813 8814 8815 8816 8817 8818 8819 8863 8865 8866 8867 8868 8869 8872 8873 8874 8876 8877 8878 8879 8880 8881 8882 8884 8885 8886 8887 8888 8889 8890 8891 8892 8893 8894 8895 8896 8897 8898 8899 8902 8918 8919 8923 8924 8984 8985 8987 8988 8989 8990 8991 8992 8993 9019 9020 9023 9062 9063 9064 9066 9067 9073 9074 9078 9082 9111 9112 9113 9674 9675 9677 9678 9679 9680 9681 9682 9683 9684 9685 9686 9687 9688 9689 9690 9691 9692 9693 9694 9695 9696 9697 9698 9699 9700 9701 9702 9703 9704 9705 9706 9707 9708 9718 9727 9728 9801 9808 9809 10154 10155 10158 10159 10160 10161 10162 10163 10164 10165 10166 10233 10273 10279 10280 10285 10592 10593 10597 12386 12391 12678 12679 12685 12795 12796 12800 12801 12804 13334 13335 13336 13337 13338 13339 13340 13341 13342 13343 13344 13345 13346 13347 13348 13349 13462 13471
10,278,13801,12,1,0,434,447,3.50865e+06,247 248 254 435 441 588 589 591 592 593 594 595 596 597 598 599 600 601 602 603 604 605 606 607 608 609 610 611 612 613 614 615 616 617 618 619 620 621 622 623 624 697 698 714 715 729 730 732 733 734 735 736 737 738 739 740 741 742 743 744 746 747 748 749 750 753 762 765 766 767 768 769 770 771 772 773 774 775 776 777 778 779 809 892 936 937 955 956 961 962 963 964 965 966 967 968 969 970 971 972 973 974 975 976 977 978 979 980 981 1116 1160 1161 1166 1306 1307 1314 1765 1766 1767 1768 1769 1770 1771 1772 1773 1774 1775 1776 1777 1778 1779 1780 1781 1782 1783 1784 1785 1786 1787 1788 1789 1790 1791 1792 1793 1794 1795 1796 1797 1798 1799 1800 1801 1909 1928 1929 1930 1931 1932 1933 1934 1935 1936 1937 1938 1939 1940 1941 1942 1943 1944 1945 1946 1947 1948 1949 1978 1979 1985 2059 2078 2103 2121 2122 2132 3719 3727 4587 4588 4589 4590 4591 4592 4593 4594 4595 4596 4597 4598 4737 6621 6642 6643 6649 6753 8167 8168 8174 8175 9795 9796 9797 9798 9801 9802 9803 9804 9805 9806 9807 9808 9809 9962 9966 10140 10141 10142 10143 10144 10145 10146 10147 10148 10149 10150 10151 10152 10153 10154 10155 10156 10157 10158 10159 10160 10161 10162 10163 10164 10165 10166 10167 10168 10169 10170 10171 10172 10173 10174 10175 10176 10290 10579 10594 10595 10597 10600 10601 10603 10604 10605 10606 10607 10608 10609 10610 10739 10740 10747 11931 11937 11940 11941 11942 11943 11944 11945 11946 11947 11948 12122 12139 12143 12144 12145 12146 12147 12148 12149 12150 12151 12152 12153 12154 12155 12156 12157 12158 12159 12160 12161 12162 12163 12164 12165 12166 12167 12168 12169 12170 12171 12172 12173 12174 12175 12176 12253 12255 12319 12341 12342 12351 12498 12499 12504 12652 12656 12657 12658 12659 12660 12661 12662 12663 12664 12665 12666 12667 12668 12669 12670 12671 12672 12673 12674 12675 12676 12677 12678 12679 12680 12681 12682 12683 12684 12685 12686 12687 12688 12768 12788 12789 12791 12797 12798 12803 12805 12806 12812 12822 12824 12826 12827 12828 12829 12830 12831 12832 12833 12834 12835 12836 12837 12838 12839 12840 12841 12842 12843 12844 13014 13015 13018 13019 13020 13021 13022 13023 13024 13025 13026 13027 13028 13029 13030 13031 13032 13033 13034 13035 13036 13037 13038 13039 13040 13041 13042 13043 13044 13045 13143 13144 13145 13146 13147 13181 13197 13199 13200 13221 13222 13228 13231 13249 13254 13370 13371
10,281,13801,0,0,0,1,1,9532.51,7511
10,286,13801,1,0,0,3,4,15128.2,738 739 12802 12808
11,3,13801,6,0,0,9,15,1.85761e+06,1346 3806 6582 6624 6963 6997 7021 7037 7049 8927 8928 8950 9003 9010 9764
11,11,13801,2,0,0,0,2,205627,1955 5011
11,22,13801,30,14,0,18,62,9.43212e+08,2025 2049 2147 2148 2149 2150 2151 2152 2153 2159 2161 2163 2167 2178 2181 2184 2193 2247 3878 6577 6579 6580 6581 6583 6584 6587 6589 6594 6612 6615 6618 6649 6656 8922 8923 8924 8925 8926 8927 8928 8932 8933 8934 8935 8936 8940 8941 8943 8949 8951 8953 8955 8956 8958 8960 8962 8963 8979 8992 9019 12441 12442
11,43,13801,1,0,0,0,1,238881,7557
11,61,8929,44,27,1,41,112,7.11675e+14,278 729 761 2037 2043 2071 2077 3695 3696 3718 3719 3720 3721 3722 3723 3724 3725 3726 3727 3728 3729 3730 3731 3732 3733 3734 3735 3736 3737 3738 3739 3740 3741 3742 3743 3745 3746 3747 3748 3749 3750 3752 3753 3754 3755 3757 3782 3783 3784 3786 3823 3827 3846 3851 3854 3858 3861 3864 3866 3867 3868 3869 3870 3871 3872 3873 3874 3907 3909 3910 3914 3919 3920 3923 3926 3928 3933 3935 3938 3955 4126 4133 4200 4697 5676 5686 6615 6635 6636 6747 6951 7555 8099 8101 8103 8104 8162 8163 8173 8893 8917 8918 8919 8920 8921 8922 8923 8924 8925 8926 8927 8928
11,87,13801,0,0,0,2,2,28318.5,727 12790
11,89,13801,10,5,0,7,22,8.31699e+09,6583 6584 6585 6586 6587 6588 6589 6590 6591 6592 6598 6607 6608 6614 6616 6619 6625 6628 6651 6653 6673 8956
11,127,13801,0,0,0,3,3,15914.4,727 12790 12791
11,240,13801,2,0,0,0,2,62999.5,6597 7577
